ALABAMA - Metropolitan Counties,Bibb,20,1,2,2,15,131,64,57,10,
,Calhoun,48,0,23,8,17,862,316,539,7,
,Chilton,455,0,19,3,433,581,182,397,2,
,Etowah,11,0,7,2,2,335,125,188,22,
,"Geneva2,3",,0,3,0,,,,116,9,
,Hale,63,1,1,9,52,220,111,98,11,
,Henry,36,1,2,1,32,103,41,52,10,
,Jefferson,505,5,46,210,244,"6,131","2,334","3,260",537,22
,Lauderdale,35,3,9,2,21,798,300,460,38,
,Lawrence2,,1,3,3,,387,74,298,15,
,Lee,95,3,25,15,52,"1,662",717,860,85,
,Limestone,47,2,9,10,26,639,208,395,36,
,Lowndes,54,1,2,8,43,352,172,176,4,
,Madison,323,3,22,70,228,"2,198",750,"1,268",180,
,Montgomery,76,0,5,9,62,673,222,369,82,
,Russell,110,1,9,11,89,348,164,166,18,
,Shelby,92,1,23,9,59,"1,070",417,587,66,
,St. Clair,24,1,4,4,15,331,139,174,18,
,Tuscaloosa,230,4,23,28,175,"1,798",556,"1,049",193,
,Walker,22,0,5,8,9,504,127,324,53,
ALABAMA - Nonmetropolitan Counties,Baldwin,101,1,4,8,88,665,261,362,42,
,Barbour2,17,0,5,0,12,,40,,6,
,Bullock,28,1,0,0,27,105,56,49,0,
,Butler,37,0,3,0,34,215,94,111,10,
,Cherokee,15,0,2,0,13,79,14,56,9,
,Choctaw,5,0,0,0,5,31,17,14,0,
,Clarke,44,3,5,0,36,52,45,5,2,
,Cleburne,29,2,4,0,23,267,100,153,14,
,Coffee,21,0,2,3,16,166,56,90,20,
,Conecuh,36,1,3,4,28,91,17,68,6,
,Coosa,17,0,0,3,14,252,118,127,7,
,Covington,34,6,2,1,25,158,63,93,2,
,Crenshaw,24,0,2,3,19,186,67,104,15,
,Cullman,117,3,13,2,99,"1,098",334,709,55,
,Dale,43,3,14,0,26,130,44,82,4,
,Dallas,70,0,11,8,51,535,154,330,51,
,Fayette3,9,0,2,0,7,,,48,9,
,Franklin,26,1,2,4,19,159,54,98,7,
,Jackson,112,1,11,6,94,358,108,209,41,
,Lamar,2,0,0,0,2,8,0,8,0,
,Marengo,34,1,1,2,30,121,43,63,15,
,Marion,4,0,0,0,4,24,11,13,0,
,Marshall,73,1,9,2,61,636,219,360,57,
,Monroe,29,3,1,1,24,98,52,43,3,
,Perry,4,0,0,1,3,98,34,50,14,
,Pickens,8,0,1,0,7,94,59,32,3,
,Pike,5,0,0,2,3,105,47,52,6,
,Randolph,25,0,1,0,24,279,75,200,4,
,Talladega2,49,2,6,11,30,,359,564,,
,Tallapoosa,22,0,0,2,20,207,63,130,14,
,Washington,34,0,4,0,30,103,25,67,11,
,Wilcox,27,0,0,1,26,126,53,60,13,
,Winston,18,0,2,1,15,263,91,164,8,
ARIZONA - Metropolitan Counties,Coconino,77,2,12,3,60,565,180,353,32,4
,Maricopa,992,25,39,118,810,"6,264","1,841","3,658",765,204
,Mohave,192,1,4,18,169,"1,995",669,"1,162",164,18
,Pima,635,18,74,195,348,"11,706","2,443","8,237","1,026",133
,Pinal,214,8,50,41,115,"3,814",740,"2,494",580,18
,Yavapai,279,1,16,6,256,"1,419",468,837,114,5
,Yuma,104,6,8,4,86,797,389,320,88,11
ARIZONA - Nonmetropolitan Counties,Apache,32,2,7,0,23,189,109,75,5,0
,Cochise,472,3,14,23,432,973,402,451,120,11
,Gila,60,0,2,3,55,331,46,250,35,1
,Graham2,,0,0,1,,289,105,152,32,23
,La Paz,38,0,0,4,34,382,99,249,34,10
,Navajo,50,1,6,3,40,668,406,192,70,6
,Santa Cruz,18,2,0,9,7,391,168,130,93,1
ARKANSAS - Metropolitan Counties,Benton,158,2,16,2,138,481,226,238,17,9
,Cleveland,8,0,0,0,8,86,40,34,12,0
,Craighead,32,0,5,1,26,360,160,184,16,7
,Crittenden,75,1,9,6,59,329,108,193,28,4
,Faulkner,58,0,14,1,43,855,260,494,101,14
,Franklin,29,0,2,0,27,175,63,103,9,0
,Garland,147,5,21,20,101,"2,483","1,230","1,058",195,27
,Grant,30,0,2,0,28,208,85,113,10,2
,Jefferson,81,1,12,6,62,467,238,159,70,4
,Lincoln,14,1,1,1,11,99,69,28,2,0
,Lonoke,144,0,19,2,123,537,242,246,49,5
,Madison,31,1,7,0,23,73,37,33,3,7
,Perry,21,0,3,0,18,65,58,7,0,0
,Poinsett,50,2,2,0,46,74,64,3,7,1
,Pulaski,354,3,16,26,309,"1,692",725,813,154,11
,Sebastian,49,0,4,2,43,373,120,243,10,2
,Washington,142,0,15,0,127,551,193,294,64,11
ARKANSAS - Nonmetropolitan Counties,Arkansas,8,0,1,2,5,83,35,35,13,0
,Ashley,20,0,1,1,18,194,74,105,15,3
,Baxter,42,1,7,3,31,641,86,522,33,3
,Boone,31,1,8,0,22,189,61,128,0,4
,Bradley,5,0,0,0,5,34,17,15,2,0
,Calhoun,3,0,0,0,3,17,3,14,0,0
,Carroll,26,2,0,0,24,190,54,118,18,3
,Chicot,4,1,1,0,2,61,22,36,3,1
,Clark,27,1,4,2,20,120,52,63,5,2
,Clay,10,0,3,0,7,99,46,51,2,1
,Cleburne,34,0,5,1,28,357,171,163,23,3
,Columbia,45,3,1,1,40,158,50,89,19,2
,Conway,22,3,3,1,15,249,62,174,13,14
,Cross,57,1,4,0,52,174,37,131,6,0
,Dallas,8,0,0,4,4,39,24,14,1,3
,Drew,33,1,6,1,25,139,56,56,27,4
,Fulton,29,2,0,1,26,71,41,29,1,2
,Greene,19,1,5,0,13,142,67,64,11,3
,Hempstead,28,0,7,0,21,174,57,87,30,1
,Howard,19,0,1,0,18,80,38,42,0,0
,Independence,218,1,18,14,185,"1,332",579,656,97,17
,Izard,4,0,2,0,2,76,33,39,4,3
,Jackson,22,0,3,2,17,171,81,77,13,3
,Johnson,34,2,6,0,26,152,119,33,0,2
,Lawrence,13,1,1,0,11,155,76,79,0,1
,Lee,15,0,1,1,13,67,42,17,8,0
,Little River,9,1,1,0,7,67,27,37,3,0
,Logan,14,0,1,0,13,230,96,114,20,4
,Marion,26,0,5,0,21,185,72,110,3,5
,Mississippi,34,0,9,3,22,317,83,199,35,8
,Monroe,2,0,0,0,2,42,35,7,0,1
,Montgomery,5,1,0,0,4,20,11,9,0,0
,Nevada,1,0,1,0,0,28,20,7,1,0
,Newton,25,1,3,0,21,126,46,76,4,5
,Ouachita,15,0,0,2,13,86,56,30,0,2
,Pike,3,0,0,0,3,42,20,19,3,0
,Polk,35,3,6,4,22,171,76,91,4,2
,Prairie,4,1,0,1,2,69,30,29,10,1
,Randolph,4,1,3,0,0,80,61,19,0,0
,Scott,10,2,2,1,5,84,37,43,4,1
,Searcy,14,0,1,0,13,40,18,20,2,3
,St. Francis,33,0,2,9,22,411,160,251,0,6
,Stone,11,1,4,0,6,98,42,50,6,0
,Union,39,2,5,4,28,464,116,307,41,2
,Van Buren,36,0,4,0,32,138,27,96,15,3
,White,51,2,21,1,27,736,308,325,103,2
,Yell,45,0,6,3,36,110,73,32,5,2
CALIFORNIA - Metropolitan Counties,Alameda,637,3,28,260,346,"2,503",553,"1,157",793,33
,Butte,134,6,12,27,89,"1,244",508,729,7,19
,Contra Costa,428,11,29,161,227,"2,792",989,"1,785",18,13
,El Dorado,312,3,33,34,242,"1,862",715,"1,129",18,12
,Fresno,774,16,23,143,592,"5,087","1,630","2,604",853,238
,"Imperial2,4",,2,3,12,,,295,,13,19
,Kern,"2,001",39,125,512,"1,325","10,458","3,596","5,360","1,502",330
,Kings,211,3,11,20,177,493,197,267,29,10
,Los Angeles,"6,540",102,209,"1,895","4,334","18,043","5,033","8,645","4,365",314
,Madera,229,2,20,27,180,"1,191",506,677,8,2
,Marin,121,0,3,33,85,885,269,613,3,3
,Merced,490,14,26,54,396,"1,923",689,"1,215",19,13
,Monterey,203,8,26,54,115,"1,693",669,"1,002",22,12
,Napa,35,0,6,1,28,367,129,237,1,2
,Orange,219,1,13,38,167,"1,296",243,940,113,11
,Placer,315,4,27,26,258,"1,951",660,"1,258",33,14
,Riverside,"1,225",23,74,293,835,"10,554","3,057","5,718","1,779",26
,Sacramento,"3,183",29,176,"1,189","1,789","15,610","4,725","10,721",164,129
,San Benito,67,0,4,8,55,259,100,154,5,2
,San Bernardino,"1,165",22,66,192,885,"5,835","2,104","2,614","1,117",104
,San Diego,"1,592",9,88,276,"1,219","5,956","1,693","3,204","1,059",41
,San Joaquin,"1,058",10,34,195,819,"4,480","1,569","2,805",106,20
,San Luis Obispo,199,3,21,20,155,"1,188",416,763,9,8
,San Mateo,194,1,8,40,145,"1,636",221,"1,227",188,7
,Santa Barbara,246,0,24,21,201,"1,673",647,"1,020",6,7
,Santa Clara,268,3,30,30,205,"1,716",404,"1,125",187,3
,Santa Cruz,291,2,18,40,231,"2,479",804,"1,663",12,21
,Shasta,512,1,36,35,440,"1,034",542,478,14,9
,Solano,90,2,7,16,65,381,218,157,6,16
,Sonoma,553,6,45,51,451,"1,537",597,930,10,30
,Stanislaus,507,14,27,122,344,"3,360","1,418","1,644",298,198
,Sutter,120,0,8,10,102,527,155,338,34,1
,Tulare5,553,16,31,93,413,,"1,187","1,966",,28
,Ventura,189,6,20,26,137,"1,271",352,836,83,18
,Yolo,39,0,6,5,28,344,120,218,6,4
,Yuba,190,2,17,29,142,830,314,502,14,17
CALIFORNIA - Nonmetropolitan Counties,Alpine,13,0,1,1,11,60,11,49,0,0
,Amador,60,1,6,4,49,467,218,247,2,0
,Calaveras,68,1,14,14,39,597,247,347,3,8
,Colusa,36,1,8,2,25,287,101,178,8,0
,Del Norte,77,1,17,5,54,287,145,140,2,5
,Glenn,9,0,1,3,5,117,55,61,1,0
,Humboldt,272,7,12,38,215,"1,126",342,763,21,17
,Inyo,60,2,8,6,44,145,56,88,1,1
,Lake,170,2,24,17,127,803,383,406,14,5
,Lassen,26,0,3,1,22,110,36,74,0,3
,Mariposa,48,0,3,1,44,278,106,171,1,1
,Mendocino,326,5,23,21,277,528,227,297,4,12
,Modoc,8,0,1,0,7,64,33,30,1,0
,Mono,10,0,1,0,9,76,24,52,0,0
,Nevada,165,0,23,8,134,638,207,427,4,5
,Plumas,121,1,19,5,96,311,120,186,5,2
,Sierra,13,0,0,0,13,43,15,28,0,1
,Siskiyou,63,1,9,6,47,193,93,95,5,0
,Tehama,211,2,1,5,203,299,176,123,0,20
,Trinity,22,0,0,3,19,126,60,66,0,0
,Tuolumne,108,1,18,12,77,749,298,445,6,9
COLORADO - Metropolitan Counties,Adams,407,5,61,54,287,"2,613",675,"1,431",507,24
,Arapahoe,218,0,19,44,155,"1,348",370,862,116,15
,Boulder,65,0,7,6,52,660,197,423,40,15
,Clear Creek,25,0,2,0,23,71,23,44,4,1
,Douglas,295,0,172,31,92,"1,709",426,"1,203",80,8
,Elbert,4,0,3,0,1,34,9,25,0,0
,El Paso,759,5,55,22,677,"1,824",585,"1,026",213,29
,Gilpin,18,0,1,1,16,38,5,28,5,0
,Jefferson,176,5,43,13,115,"2,630",474,"1,981",175,27
,Larimer,102,0,36,7,59,"1,085",236,768,81,16
,Mesa,185,2,28,16,139,"1,467",367,964,136,8
,Park,8,0,1,0,7,114,41,63,10,2
,Pueblo,32,1,0,6,25,"1,258",241,972,45,4
,Teller,22,0,5,0,17,79,23,51,5,2
,Weld,120,1,16,6,97,871,270,457,144,6
COLORADO - Nonmetropolitan Counties,Alamosa,1,0,0,0,1,58,15,43,0,1
,Archuleta,22,1,6,0,15,103,33,64,6,0
,Baca,5,0,0,0,5,3,0,0,3,0
,Bent,3,0,1,0,2,20,3,13,4,0
,Chaffee,10,0,0,0,10,81,24,50,7,0
,Cheyenne,0,0,0,0,0,3,1,1,1,0
,Crowley,1,0,0,0,1,0,0,0,0,0
,Custer,7,0,0,0,7,49,17,26,6,0
,Delta,36,0,18,2,16,199,32,145,22,1
,Dolores,0,0,0,0,0,19,16,2,1,0
,Eagle,19,0,0,3,16,434,70,361,3,3
,Fremont,68,0,1,2,65,134,52,76,6,1
,Grand,7,0,0,0,7,156,35,117,4,0
,Gunnison,13,0,0,0,13,32,13,18,1,0
,Hinsdale,1,0,1,0,0,8,0,7,1,0
,Huerfano,0,0,0,0,0,5,0,5,0,0
,Jackson,1,0,0,0,1,17,14,2,1,0
,Kiowa,0,0,0,0,0,0,0,0,0,0
,Kit Carson,9,0,0,0,9,30,9,21,0,1
,Lake,5,0,0,0,5,26,7,17,2,0
,La Plata,51,0,2,1,48,247,86,142,19,3
,Lincoln,1,0,0,0,1,0,0,0,0,0
,Logan,4,0,0,0,4,51,5,41,5,0
,Mineral,0,0,0,0,0,2,0,2,0,0
,Moffat,7,0,0,0,7,31,13,15,3,0
,Montezuma,34,0,0,1,33,185,64,98,23,0
,Montrose,36,0,2,0,34,136,25,95,16,1
,Morgan,3,0,0,3,0,40,10,28,2,3
,Otero,15,0,1,0,14,58,16,39,3,0
,Ouray,4,0,0,0,4,18,4,13,1,0
,Phillips,2,0,1,0,1,3,1,2,0,0
,Pitkin,8,0,2,0,6,79,10,62,7,0
,Prowers,2,0,1,0,1,16,3,12,1,0
,Rio Blanco,2,0,0,0,2,8,1,6,1,0
,Rio Grande,16,2,1,0,13,25,9,15,1,0
,Routt,21,0,0,0,21,99,23,70,6,2
,Saguache,12,0,0,0,12,19,5,14,0,2
,San Juan,0,0,0,0,0,15,2,13,0,2
,San Miguel,3,0,0,0,3,36,8,24,4,0
,Sedgwick,4,0,0,0,4,15,6,9,0,0
,Summit,25,1,8,5,11,376,45,319,12,1
,Washington,12,0,2,0,10,63,21,34,8,0
,Yuma,7,0,3,0,4,21,2,19,0,0
DELAWARE - Metropolitan Counties,New Castle County Police Department,"1,221",8,69,340,804,"6,506","1,864","4,089",553,8
FLORIDA - Metropolitan Counties,Alachua,772,2,49,113,608,"3,311","1,220","1,891",200,20
,Baker,63,1,12,8,42,379,68,298,13,1
,Bay,393,6,54,47,286,"2,700",738,"1,795",167,1
,Brevard,"1,044",4,67,126,847,"5,644","1,248","4,123",273,15
,Broward,324,2,22,94,206,"1,050",221,746,83,4
,Charlotte,439,2,18,59,360,"3,821",947,"2,702",172,1
,Clay,799,12,44,102,641,"4,127",933,"3,025",169,44
,Collier,"1,000",14,49,188,749,"4,971","1,191","3,566",214,17
,Escambia,"2,248",15,167,534,"1,532","9,833","2,610","6,593",630,48
,Flagler,216,3,22,38,153,"2,028",525,"1,419",84,6
,Gadsden,364,2,2,17,343,712,379,331,2,0
,Gilchrist,18,2,0,0,16,207,94,95,18,0
,Hernando,550,3,46,69,432,"4,891","1,372","3,334",185,7
,Hillsborough,"3,893",34,166,978,"2,715","26,637","7,515","17,141","1,981",47
,Indian River,304,3,10,46,245,"2,727",696,"1,925",106,4
,Jefferson,82,0,6,2,74,152,65,76,11,1
,Lake,711,2,50,55,604,"3,351","1,141","1,981",229,24
,Lee,"1,398",20,81,407,890,"10,549","3,862","5,931",756,69
,Leon,339,4,18,47,270,"1,460",768,607,85,22
,Manatee,"1,874",22,82,396,"1,374","9,969","2,459","7,027",483,19
,Marion,"1,386",9,120,103,"1,154","4,937","1,606","3,063",268,3
,Martin,402,5,14,133,250,"2,925",796,"2,000",129,15
,Miami-Dade,"7,815",86,273,"2,314","5,142","47,849","9,283","33,643","4,923",70
,Nassau,357,2,2,13,340,"1,252",390,776,86,10
,Okaloosa,290,3,28,76,183,"3,477",723,"2,582",172,3
,Orange,"5,885",44,332,"1,636","3,873","30,070","9,178","18,260","2,632",0
,Osceola,954,7,20,105,822,"6,195","2,347","3,555",293,1
,Palm Beach,"2,656",24,151,812,"1,669","18,059","5,095","11,597","1,367",79
,Pasco,"1,443",11,102,338,992,"13,392","3,809","8,723",860,92
,Pinellas,"1,149",9,95,210,835,"7,725","1,868","5,404",453,33
,Polk,"1,511",16,104,195,"1,196","10,648","3,975","6,074",599,0
,Santa Rosa,211,0,30,17,164,"1,483",415,983,85,5
,Sarasota,717,8,29,134,546,"8,370","2,065","5,922",383,6
,Seminole,725,6,31,116,572,"3,468",987,"2,238",243,4
,St. Johns,476,3,13,61,399,"4,106",961,"2,927",218,3
,St. Lucie,286,0,24,44,218,"1,779",611,"1,086",82,13
,Volusia,848,7,68,176,597,"5,813","1,830","3,518",465,29
,Wakulla,124,1,10,12,101,714,187,503,24,0
FLORIDA - Nonmetropolitan Counties,Bradford,115,0,10,8,97,428,207,176,45,3
,Calhoun,11,2,1,0,8,65,23,39,3,0
,Citrus,497,2,26,42,427,"2,831",771,"1,916",144,26
,Columbia,179,3,11,18,147,"1,274",525,670,79,0
,DeSoto,204,0,9,30,165,837,365,444,28,3
,Dixie,84,0,10,6,68,527,230,279,18,0
,Franklin,65,0,6,2,57,190,56,130,4,3
,Glades,33,0,2,3,28,217,85,123,9,3
,Gulf,69,1,3,1,64,154,44,100,10,0
,Hamilton,56,1,9,7,39,199,68,119,12,0
,Hardee,49,0,10,13,26,476,136,312,28,0
,Hendry,189,5,4,23,157,"1,034",586,378,70,6
,Highlands,144,3,4,22,115,"1,805",620,"1,097",88,9
,Holmes,48,0,3,1,44,234,69,139,26,1
,Jackson,211,1,15,16,179,586,203,347,36,4
,Lafayette,24,1,1,3,19,76,37,36,3,0
,Levy,199,1,13,12,173,968,402,503,63,7
,Madison,113,3,4,17,89,303,128,167,8,2
,Monroe,218,2,10,11,195,"2,174",541,"1,548",85,0
,Okeechobee,231,3,14,12,202,993,449,514,30,2
,Putnam,617,2,43,80,492,"2,459","1,199","1,109",151,4
,Sumter,160,1,24,16,119,761,261,467,33,2
,Suwannee,129,0,8,3,118,507,157,294,56,1
,Taylor,74,1,6,0,67,249,164,77,8,1
,Union,37,1,4,2,30,122,51,59,12,0
,Walton,155,4,6,7,138,"1,082",354,664,64,1
,Washington,12,0,3,0,9,172,56,111,5,0
GEORGIA - Metropolitan Counties,Augusta-Richmond,"1,039",26,138,696,179,"13,925","3,587","8,712","1,626",68
,Bartow,190,4,19,29,138,"2,430",691,"1,520",219,0
,Bibb,175,4,14,44,113,"2,343",675,"1,464",204,14
,Brantley,49,0,9,5,35,236,148,86,2,0
,Brooks,68,1,0,0,67,294,106,146,42,4
,Butts,72,3,12,12,45,522,125,333,64,2
,Carroll,361,4,22,26,309,"1,460",489,833,138,5
,Catoosa,56,1,5,7,43,988,231,643,114,1
,Chatham,0,0,0,0,0,0,0,0,0,0
,Cherokee,108,1,3,11,93,"1,521",436,"1,014",71,10
,Clarke,0,0,0,0,0,0,0,0,0,0
,Clayton,0,0,0,0,0,0,0,0,0,0
,Clayton County Police Department,"1,145",17,85,485,558,"9,444","4,195","3,987","1,262",22
,Cobb,5,0,0,0,5,0,0,0,0,0
,Cobb County Police Department,"1,105",19,92,418,576,"11,325","3,427","6,840","1,058",52
,Columbia,119,4,14,42,59,"2,269",353,"1,795",121,6
,Coweta,89,3,11,15,60,"1,542",506,923,113,3
,Dade,47,0,3,3,41,240,59,154,27,
,Dawson,23,2,2,2,17,415,108,278,29,5
,DeKalb County Police Department,"3,578",60,158,"2,178","1,182","30,026","9,511","15,982","4,533",140
,Dougherty,1,0,0,0,1,81,7,66,8,0
,Douglas,165,4,10,38,113,"2,079",606,"1,296",177,6
,Echols,8,0,1,1,6,42,15,26,1,1
,Fayette,31,1,1,9,20,609,195,377,37,3
,Floyd,25,0,0,0,25,17,7,10,0,
,Floyd County Police Department,179,2,4,10,163,"1,160",310,746,104,
,Forsyth,86,2,17,18,49,"1,975",512,"1,369",94,3
,Fulton,3,0,0,0,3,18,0,17,1,0
,Fulton County Police Department,653,10,42,280,321,"5,824","2,236","2,695",893,13
,Glynn,0,0,0,0,0,0,0,0,0,0
,Glynn County Police Department,313,14,16,67,216,"2,635",610,"1,921",104,5
,Gwinnett County Police Department,"1,978",35,151,"1,055",737,"18,068","5,484","10,741","1,843",85
,Hall,201,2,24,32,143,"2,617",803,"1,589",225,11
,Haralson,89,0,3,2,84,330,72,238,20,
,Heard,19,0,0,2,17,153,46,79,28,0
,Henry County Police Department,248,3,25,85,135,"3,953","1,087","2,482",384,14
,Jasper,13,0,2,1,10,143,58,76,9,0
,Jones,28,0,1,6,21,474,147,286,41,2
,Lee,18,0,1,5,12,456,129,298,29,1
,Liberty,75,0,8,18,49,513,218,258,37,
,Madison,106,0,5,7,94,510,53,417,40,0
,McDuffie,26,0,0,8,18,322,93,192,37,0
,McIntosh,62,0,2,6,54,448,155,259,34,5
,Meriwether,31,0,3,7,21,351,101,200,50,0
,Monroe,13,1,3,5,4,357,137,175,45,
,Murray,39,1,5,5,28,699,141,495,63,0
,Newton,299,7,7,26,259,"1,934",743,989,202,
,Oglethorpe,50,1,3,4,42,464,145,298,21,1
,Paulding,189,0,15,20,154,"2,400",571,"1,611",218,23
,Pickens,56,0,7,0,49,389,136,230,23,0
,Pike,9,2,0,2,5,97,33,56,8,0
,Rockdale,295,4,11,46,234,"2,319",623,"1,496",200,7
,Spalding,117,0,12,25,80,"1,281",383,749,149,0
,Walker,254,0,12,5,237,975,352,573,50,0
,Walton,110,7,3,7,93,885,195,581,109,2
,Whitfield,203,0,11,10,182,"1,646",375,"1,213",58,12
,Worth,5,1,0,2,2,211,69,112,30,
GEORGIA - Nonmetropolitan Counties,Baldwin,337,2,6,14,315,860,332,512,16,6
,Banks,115,0,0,2,113,522,103,364,55,
,Ben Hill,18,0,5,1,12,184,78,91,15,0
,Berrien,11,1,1,0,9,219,55,157,7,1
,Bleckley2,19,0,0,0,19,,,82,5,0
,Bulloch,32,0,2,8,22,773,275,430,68,1
,Calhoun,5,1,1,1,2,35,9,18,8,1
,Camden,43,0,1,3,39,373,96,263,14,
,Candler,6,0,1,2,3,100,28,62,10,0
,Charlton,9,0,1,1,7,131,47,73,11,1
,Chattooga,38,0,1,1,36,335,103,227,5,
,Clinch,4,0,1,1,2,42,19,21,2,2
,Coffee,52,1,8,13,30,694,219,446,29,
,Cook,40,1,0,3,36,134,35,87,12,0
,Crisp,17,2,0,0,15,383,74,277,32,0
,Decatur,44,2,5,5,32,324,115,203,6,
,Dodge,23,2,4,1,16,289,101,164,24,5
,Dooly,13,0,1,0,12,64,13,48,3,
,Early,26,0,5,3,18,132,58,70,4,0
,Elbert,35,0,5,3,27,514,155,332,27,0
,Emanuel,17,1,0,0,16,294,176,99,19,0
,Fannin,79,1,5,2,71,459,226,197,36,3
,Franklin,29,2,3,3,21,377,116,235,26,
,Gilmer,38,0,2,0,36,424,190,208,26,0
,Glascock,1,0,0,0,1,34,2,24,8,
,Gordon2,,1,8,6,,730,186,537,7,0
,Greene,11,0,2,1,8,191,54,112,25,0
,Habersham,59,0,11,1,47,457,172,251,34,7
,Hart,46,1,0,4,41,356,127,212,17,
,Irwin,13,0,3,0,10,123,40,75,8,0
,Jackson,42,1,5,7,29,887,274,569,44,
,Jeff Davis,39,0,7,0,32,373,50,267,56,
,Jefferson,26,0,1,8,17,197,89,89,19,0
,Johnson,18,0,0,0,18,58,32,17,9,0
,Laurens,51,0,2,8,41,634,176,372,86,1
,Lumpkin,69,1,4,1,63,492,130,337,25,
,Macon,0,0,0,0,0,84,40,35,9,0
,Morgan,13,0,1,2,10,124,37,69,18,0
,Peach,21,2,0,4,15,310,105,165,40,0
,Pierce,3,0,0,0,3,228,66,138,24,0
,Polk,0,0,0,0,0,0,0,0,0,0
,Polk County Police Department,85,0,11,4,70,779,294,413,72,23
,Pulaski,7,1,0,0,6,144,51,93,0,0
,Rabun,18,0,1,0,17,182,56,117,9,
,Schley,1,0,1,0,0,26,14,11,1,0
,Seminole,9,1,0,0,8,104,26,71,7,0
,Stephens,29,0,2,6,21,628,137,481,10,
,Stewart,2,0,0,0,2,5,4,0,1,0
,Tattnall,17,1,0,5,11,232,83,127,22,0
,Taylor,2,0,0,2,0,134,15,115,4,
,Telfair,12,2,0,3,7,115,46,64,5,1
,Thomas,38,0,2,8,28,523,203,269,51,6
,Tift,116,2,9,22,83,762,213,500,49,4
,Toombs,22,0,4,0,18,293,77,185,31,0
,Towns,9,0,1,1,7,157,72,79,6,2
,Treutlen,3,0,0,0,3,58,21,35,2,
,Troup,41,0,1,2,38,696,153,480,63,
,Turner,8,0,1,1,6,62,16,43,3,
,Upson,23,0,0,4,19,379,105,260,14,1
,Washington,25,0,2,5,18,219,87,124,8,0
,White,9,0,0,1,8,333,148,151,34,1
,Wilkes,4,0,0,1,3,13,4,8,1,0
,Wilkinson,5,0,0,0,5,73,38,28,7,0
HAWAII - Nonmetropolitan Counties,Hawaii Police Department6,468,5,66,67,330,"5,743","1,415","3,855",473,28
,Kauai Police Department,212,1,32,23,156,"2,683",810,"1,758",115,8
IDAHO - Metropolitan Counties,Ada,148,0,31,11,106,917,280,609,28,8
,Bannock,5,0,1,1,3,141,20,120,1,0
,Bonneville,120,0,15,2,103,844,188,596,60,6
,Canyon,55,0,9,1,45,578,202,326,50,5
,Franklin,7,0,0,0,7,48,12,33,3,0
,Gem,12,0,0,0,12,33,10,20,3,0
,Jefferson,32,0,5,0,27,111,26,73,12,0
,Kootenai,125,0,25,9,91,"1,114",396,669,49,7
,Nez Perce,2,0,0,0,2,80,15,62,3,0
,Owyhee,16,0,6,0,10,86,16,65,5,0
,Power,6,0,2,0,4,36,4,29,3,0
IDAHO - Nonmetropolitan Counties,Adams,4,0,0,0,4,40,6,34,0,0
,Bear Lake,1,0,0,0,1,13,3,9,1,0
,Benewah,29,0,0,0,29,33,9,21,3,0
,Bingham,35,1,11,0,23,286,92,177,17,2
,Blaine,9,0,2,0,7,45,9,33,3,0
,Bonner,20,0,3,1,16,355,104,226,25,4
,Boundary,12,0,5,2,5,84,44,36,4,0
,Butte,9,0,1,0,8,2,1,0,1,0
,Camas,2,0,1,0,1,10,2,8,0,0
,Caribou,0,0,0,0,0,28,6,21,1,0
,Cassia,55,1,10,4,40,492,91,367,34,9
,Clark,4,0,0,0,4,9,2,7,0,0
,Clearwater,17,0,0,0,17,77,11,66,0,0
,Custer,3,0,0,0,3,3,0,3,0,0
,Elmore,16,0,3,2,11,74,20,49,5,0
,Fremont,6,0,1,0,5,95,13,78,4,0
,Gooding,11,0,0,0,11,37,10,18,9,1
,Idaho,10,0,1,0,9,94,35,57,2,1
,Jerome,14,0,0,1,13,82,29,43,10,0
,Latah,12,0,3,0,9,172,61,100,11,1
,Lemhi,1,0,0,0,1,9,7,1,1,1
,Lewis,11,0,0,0,11,52,24,26,2,0
,Lincoln,4,0,0,0,4,17,3,7,7,0
,Madison,7,0,7,0,0,57,6,46,5,0
,Minidoka,19,0,4,2,13,167,34,117,16,1
,Oneida,10,0,2,2,6,65,30,30,5,0
,Payette,17,0,1,0,16,100,42,50,8,0
,Shoshone,25,0,5,0,20,145,31,100,14,1
,Teton,8,0,0,0,8,98,24,69,5,0
,Twin Falls,37,0,4,1,32,209,87,107,15,1
,Valley,9,0,6,0,3,79,27,50,2,0
,Washington,8,0,1,0,7,31,13,16,2,0
ILLINOIS - Metropolitan Counties7,Bond,,0,,0,3,105,28,67,10,0
,Clinton,,0,,0,8,98,6,89,3,0
,Grundy,,0,,2,6,284,55,218,11,0
,Henry,,0,,0,6,91,11,72,8,0
,Macon,,0,,2,33,381,121,247,13,4
,Rock Island,,0,,4,38,329,98,223,8,1
,Stark,,0,,0,8,64,11,51,2,0
,Vermilion,,1,,4,38,510,200,287,23,1
,Woodford,,0,,0,8,157,49,102,6,2
ILLINOIS - Nonmetropolitan Counties7,Iroquois,,0,,0,8,141,66,71,4,0
,Jackson,,0,,1,30,271,124,135,12,0
,Jefferson,,0,,0,63,338,126,187,25,4
,La Salle,,1,,0,23,477,161,296,20,3
,Livingston,,0,,0,8,255,37,210,8,1
,Marion,,0,,1,7,236,70,151,15,0
,Morgan,,0,,0,11,100,41,56,3,1
,Moultrie,,0,,0,3,45,18,23,4,0
,Ogle,,0,,0,18,238,66,155,17,3
,Richland,,0,,0,9,66,26,37,3,0
,Union,,1,,0,3,92,22,66,4,0
INDIANA - Metropolitan Counties,Allen,92,0,16,9,67,"1,047",239,750,58,2
,Bartholomew,27,0,3,3,21,413,94,299,20,0
,Boone,0,0,0,0,0,253,56,189,8,0
,Brown,2,1,0,1,0,97,37,57,3,7
,Clark,63,1,7,4,51,676,259,380,37,4
,Delaware,24,0,6,4,14,471,115,297,59,2
,Elkhart,62,0,20,23,19,"1,669",506,"1,027",136,4
,Floyd,4,0,0,0,4,650,135,483,32,0
,Gibson,18,1,1,2,14,165,22,139,4,2
,Greene,4,0,2,0,2,145,59,66,20,0
,Hancock,14,0,4,3,7,367,120,216,31,6
,Harrison,4,0,0,2,2,445,97,318,30,0
,Howard,47,0,3,2,42,496,198,279,19,1
,Johnson,11,1,3,4,3,655,89,557,9,2
,Lake,23,1,3,10,9,955,209,656,90,1
,La Porte,22,3,3,9,7,746,295,413,38,1
,Madison,11,0,2,5,4,558,159,366,33,3
,Monroe,49,0,6,7,36,879,363,448,68,1
,Newton,5,1,0,2,2,240,86,137,17,1
,Porter,59,1,5,1,52,"1,091",294,737,60,1
,Putnam,27,0,1,1,25,238,90,120,28,0
,Shelby,33,0,1,2,30,345,120,198,27,1
,St. Joseph,127,2,10,29,86,"2,146",572,"1,480",94,5
,Tippecanoe,30,0,7,4,19,974,223,697,54,2
,Tipton,7,0,0,0,7,99,38,56,5,0
,Vanderburgh,75,0,9,7,59,"1,031",123,881,27,3
,Vermillion,7,0,0,2,5,41,10,22,9,2
,Warrick,133,0,5,5,123,541,100,425,16,4
,Wells,3,2,0,0,1,124,45,76,3,0
,Whitley,7,1,1,3,2,239,63,161,15,0
INDIANA - Nonmetropolitan Counties,Blackford,3,0,0,0,3,57,18,35,4,1
,Cass,10,0,2,1,7,265,58,203,4,0
,Clinton,8,0,3,3,2,358,73,267,18,1
,Crawford,39,0,0,0,39,108,34,69,5,0
,Daviess,12,0,2,1,9,135,21,89,25,0
,Grant,5,2,2,1,0,317,75,221,21,2
,Henry,9,0,1,3,5,611,220,361,30,0
,Huntington,11,0,1,0,10,162,47,106,9,0
,Jackson,18,2,1,0,15,303,84,208,11,0
,Jay,19,0,1,4,14,137,37,98,2,1
,Kosciusko,23,0,1,0,22,637,135,467,35,1
,LaGrange,7,0,4,3,0,212,63,139,10,0
,Lawrence,10,2,4,2,2,294,109,161,24,7
,Marshall4,8,0,4,0,4,,138,,13,2
,Martin,0,0,0,0,0,56,16,33,7,0
,Miami,9,0,2,2,5,261,106,152,3,2
,Montgomery,52,2,1,6,43,473,193,253,27,0
,Noble,6,0,0,0,6,181,89,78,14,1
,Parke,3,1,1,0,1,123,30,86,7,0
,Perry,10,0,2,0,8,48,15,28,5,2
,Pulaski2  ,,0,0,0,,181,47,113,21,0
,Randolph,7,1,2,2,2,258,105,149,4,0
,Ripley,13,0,0,0,13,171,36,130,5,0
,Starke6,37,1,10,5,21,628,156,424,48,5
,Steuben,15,1,4,1,9,453,112,322,19,1
,Wabash,4,3,0,1,0,130,29,100,1,0
,Wayne,0,0,0,0,0,277,109,163,5,0
,White,0,0,0,0,0,15,15,0,0,0
IOWA - Metropolitan Counties,Benton,5,0,0,1,4,94,37,52,5,1
,Black Hawk,46,0,7,5,34,175,64,102,9,0
,Bremer,20,0,3,0,17,39,15,22,2,0
,Dallas,6,0,0,1,5,107,23,77,7,2
,Dubuque,65,0,3,0,62,258,102,139,17,3
,Grundy,3,0,0,0,3,117,26,88,3,0
,Guthrie,0,0,0,0,0,64,29,24,11,0
,Harrison,3,0,0,0,3,105,49,45,11,1
,Johnson,65,1,5,2,57,244,78,155,11,3
,Jones,2,0,1,0,1,73,20,47,6,1
,Linn,31,0,10,0,21,331,119,184,28,2
,Madison,3,0,0,2,1,30,13,15,2,1
,Mills,23,0,5,0,18,165,41,93,31,3
,Polk,81,0,13,6,62,680,199,412,69,4
,Scott,24,0,3,2,19,193,43,138,12,0
,Story,17,0,4,2,11,174,74,93,7,2
,Warren,24,0,4,1,19,185,56,113,16,5
,Washington,19,0,9,0,10,120,59,51,10,0
,Woodbury,24,0,1,0,23,110,46,60,4,1
IOWA - Nonmetropolitan Counties,Adair,1,0,0,0,1,54,21,29,4,0
,Adams,21,0,1,0,20,63,19,36,8,1
,Appanoose,17,1,2,1,13,62,24,28,10,4
,Audubon,3,0,0,0,3,21,6,14,1,0
,Boone,5,0,0,0,5,14,5,8,1,0
,Buchanan,12,0,0,0,12,132,32,87,13,1
,Buena Vista,7,0,0,0,7,58,21,36,1,1
,Butler,6,1,0,0,5,26,20,3,3,0
,Calhoun,6,0,0,0,6,60,33,25,2,0
,Carroll,4,0,1,0,3,37,10,26,1,0
,Cass,15,0,0,0,15,79,30,41,8,0
,Cedar,10,0,0,1,9,120,19,93,8,5
,Cerro Gordo,1,0,1,0,0,98,32,58,8,0
,Cherokee,3,0,0,0,3,42,13,26,3,0
,Clarke,11,0,2,0,9,41,14,23,4,2
,Clay,9,0,1,1,7,33,15,14,4,0
,Clayton,6,0,1,0,5,76,18,50,8,0
,Clinton,28,0,3,0,25,153,61,83,9,4
,Davis,5,0,0,0,5,10,4,3,3,1
,Delaware,14,0,0,0,14,24,10,7,7,0
,Des Moines,21,0,0,0,21,102,30,57,15,3
,Dickinson,1,0,0,0,1,24,12,12,0,1
,Emmet,7,0,0,0,7,36,22,14,0,0
,Fayette,13,0,1,0,12,58,10,41,7,1
,Floyd,2,0,1,0,1,19,9,9,1,0
,Fremont,13,0,2,0,11,83,35,43,5,2
,Hamilton,9,0,0,0,9,74,36,33,5,0
,Hardin,8,0,4,0,4,125,65,52,8,0
,Henry,32,0,4,0,28,132,57,69,6,2
,Howard,3,0,1,1,1,68,14,51,3,0
,Humboldt,0,0,0,0,0,44,23,17,4,0
,Ida,8,0,1,0,7,79,25,44,10,1
,Iowa,9,1,0,1,7,60,15,39,6,1
,Jasper,15,0,1,0,14,160,103,49,8,1
,Jefferson,9,0,0,1,8,101,36,55,10,1
,Kossuth,7,0,1,0,6,63,29,32,2,0
,Lee,23,0,0,0,23,85,34,39,12,0
,Louisa,6,0,3,0,3,42,0,38,4,0
,Lyon,14,0,5,0,9,88,38,45,5,3
,Mahaska,13,0,0,1,12,69,26,36,7,0
,Marion,27,0,7,0,20,129,43,64,22,2
,Marshall,17,0,1,1,15,142,52,82,8,3
,Mitchell,0,0,0,0,0,12,7,5,0,0
,Monroe,4,0,0,0,4,35,16,17,2,0
,Muscatine,18,0,7,0,11,104,47,50,7,2
,O'Brien,11,0,1,0,10,99,31,64,4,0
,Osceola,3,0,0,0,3,15,10,3,2,0
,Page,6,0,2,0,4,50,19,29,2,0
,Palo Alto,5,0,1,0,4,48,27,20,1,6
,Pocahontas,1,0,1,0,0,27,16,9,2,0
,Poweshiek,2,0,1,0,1,125,56,57,12,2
,Sac,5,0,1,1,3,45,16,26,3,0
,Shelby,5,0,1,0,4,29,15,11,3,0
,Sioux,3,0,0,0,3,57,15,35,7,3
,Tama,26,0,0,0,26,144,78,58,8,5
,Union,4,0,0,0,4,38,13,19,6,0
,Van Buren,11,1,1,0,9,72,43,24,5,1
,Wapello,17,0,0,0,17,116,58,50,8,2
,Wayne,1,0,0,0,1,44,19,24,1,0
,Webster,32,0,0,0,32,264,106,137,21,3
,Winnebago,2,0,0,0,2,22,13,4,5,0
,Winneshiek,0,0,0,0,0,22,4,18,0,0
,Worth,5,0,1,0,4,102,39,59,4,1
,Wright,1,0,0,0,1,51,20,27,4,0
KANSAS - Metropolitan Counties,Douglas,33,0,2,3,28,236,72,153,11,4
,Geary,7,0,0,1,6,30,8,17,5,0
,Linn,22,0,1,1,20,106,42,57,7,2
,Riley County Police Department,205,4,47,20,134,"1,571",268,"1,258",45,10
,Shawnee,89,1,9,10,69,"1,226",276,906,44,16
,Wabaunsee,13,1,0,1,11,67,22,41,4,5
,Wyandotte,14,0,1,3,10,10,1,9,0,0
KANSAS - Nonmetropolitan Counties,Anderson,7,0,0,1,6,53,24,25,4,6
,Chase,3,0,0,0,3,8,5,3,0,0
,Clark,2,0,0,0,2,44,18,24,2,0
,Clay,3,0,0,0,3,22,9,12,1,0
,Cloud,20,0,1,0,19,53,23,28,2,1
,Coffey,11,0,0,0,11,51,18,32,1,1
,Dickinson,5,0,1,0,4,136,36,92,8,9
,Edwards,1,0,1,0,0,18,2,16,0,2
,Elk,3,0,1,0,2,26,6,20,0,0
,Finney,35,0,10,1,24,252,96,147,9,3
,Ford,11,0,0,1,10,101,29,67,5,3
,Graham,0,0,0,0,0,13,4,9,0,1
,Grant,0,0,0,0,0,10,1,8,1,0
,Gray,0,0,0,0,0,23,10,13,0,0
,Harper,3,0,1,0,2,23,9,10,4,2
,Hodgeman,4,0,0,0,4,16,8,7,1,0
,Kiowa,3,1,0,0,2,20,5,13,2,0
,Lane,6,0,0,0,6,11,4,6,1,0
,Lyon,10,0,2,1,7,117,20,95,2,7
,McPherson,9,2,1,0,6,85,25,54,6,4
,Morris,5,0,0,0,5,33,12,21,0,5
,Norton,2,0,1,0,1,16,10,6,0,0
,Ottawa,10,0,0,0,10,55,23,30,2,0
,Republic,1,0,0,0,1,40,15,21,4,2
,Rice,3,0,0,0,3,46,24,19,3,1
,Rush,2,0,0,0,2,21,15,5,1,0
,Russell,4,0,1,0,3,62,20,39,3,2
,Saline,25,1,5,0,19,140,52,85,3,6
,Seward,8,0,2,0,6,35,9,22,4,0
,Sherman,2,0,0,0,2,16,7,9,0,0
,Smith,4,0,0,0,4,33,8,21,4,0
,Stafford,3,0,0,0,3,30,14,13,3,1
,Thomas,4,0,0,0,4,19,5,13,1,1
,Washington,2,0,0,0,2,13,5,4,4,1
,Wichita,10,0,1,0,9,18,3,15,0,0
,Wilson,5,0,0,0,5,48,21,26,1,1
,Woodson,8,0,2,0,6,46,12,32,2,7
KENTUCKY - Metropolitan Counties6,Boone,118,3,10,18,87,"1,225",357,793,75,2
,Bourbon,2,0,1,1,0,67,16,47,4,0
,Boyd,26,0,7,7,12,288,124,150,14,2
,Bracken,0,0,0,0,0,30,21,7,2,1
,Bullitt,34,0,12,5,17,541,257,253,31,1
,Christian,26,1,10,4,11,398,181,205,12,2
,Clark,7,0,2,3,2,313,141,163,9,0
,Daviess,26,1,4,4,17,658,176,446,36,0
,Edmonson,6,0,0,0,6,62,38,21,3,0
,Gallatin,2,0,0,1,1,17,10,6,1,0
,Grant,3,0,0,1,2,170,76,88,6,1
,Greenup,3,0,1,0,2,65,46,17,2,0
,Hardin,2,0,0,0,2,82,28,51,3,1
,Henderson,11,0,3,3,5,192,86,95,11,1
,Henry,1,0,0,0,1,16,9,6,1,1
,Jessamine,15,0,4,1,10,245,102,135,8,0
,Kenton County Police Department,19,1,1,0,17,141,42,92,7,11
,LaRue,1,0,1,0,0,33,15,15,3,0
,McLean,0,0,0,0,0,32,13,16,3,0
,Meade,5,0,2,0,3,117,88,21,8,1
,Nelson,16,2,7,2,5,218,113,87,18,0
,Oldham,2,0,0,1,1,5,5,0,0,0
,Oldham County Police Department,24,0,10,5,9,468,175,280,13,1
,Pendleton,4,0,0,0,4,123,51,65,7,0
,Scott,9,0,0,3,6,283,99,165,19,0
,Shelby,16,0,1,1,14,450,146,268,36,4
,Spencer,1,1,0,0,0,21,11,10,0,0
,Trigg,3,0,0,0,3,81,27,48,6,0
,Trimble,0,0,0,0,0,21,8,7,6,0
,Warren,17,0,5,0,12,469,191,249,29,1
,Webster,0,0,0,0,0,5,3,1,1,0
,Woodford,1,0,0,0,1,35,12,22,1,0
KENTUCKY - Nonmetropolitan Counties6,Adair,3,0,0,0,3,17,11,4,2,2
,Allen,6,0,2,1,3,141,57,74,10,0
,Anderson,4,0,1,0,3,77,34,41,2,0
,Ballard,13,0,7,0,6,154,43,102,9,3
,Barren,6,0,2,0,4,153,85,58,10,3
,Bell,0,0,0,0,0,38,16,18,4,0
,Boyle,2,0,1,0,1,81,40,39,2,1
,Breckinridge,4,0,1,1,2,34,19,11,4,1
,Butler,1,0,0,0,1,9,5,4,0,0
,Caldwell,1,0,1,0,0,51,24,25,2,0
,Calloway,15,1,4,2,8,377,170,189,18,4
,Carlisle,0,0,0,0,0,12,5,6,1,0
,Carter,2,0,0,1,1,75,34,39,2,0
,Casey,5,0,0,1,4,89,38,43,8,1
,Clay,2,0,1,1,0,94,29,35,30,0
,Crittenden,0,0,0,0,0,29,11,18,0,0
,Estill,5,0,0,2,3,133,46,79,8,1
,Fleming,1,0,0,0,1,69,35,31,3,1
,Floyd,1,0,0,1,0,139,45,84,10,0
,Franklin,11,1,1,3,6,153,64,80,9,0
,Fulton,4,0,2,0,2,24,9,13,2,1
,Garrard,1,0,0,0,1,74,28,40,6,0
,Graves,14,0,3,0,11,135,49,72,14,2
,Grayson,2,0,0,0,2,93,52,33,8,2
,Green,1,0,0,0,1,6,0,4,2,0
,Harlan,14,0,4,1,9,42,13,25,4,3
,Harrison,8,0,1,4,3,210,100,92,18,1
,Hart,2,0,0,0,2,21,16,2,3,0
,Hopkins,15,2,5,1,7,233,103,115,15,0
,Jackson,1,0,0,0,1,60,18,34,8,1
,Knott,0,0,0,0,0,48,14,33,1,0
,Knox,16,0,2,3,11,242,106,116,20,1
,Laurel,12,1,2,1,8,214,82,84,48,0
,Lawrence,2,0,0,1,1,39,26,8,5,0
,Lee,1,0,0,0,1,1,0,1,0,0
,Letcher,3,0,1,0,2,72,36,29,7,1
,Lewis,1,0,0,0,1,57,38,13,6,0
,Lincoln,14,1,0,2,11,94,42,31,21,1
,Livingston,4,0,1,0,3,112,61,46,5,2
,Logan,10,1,0,1,8,176,68,98,10,2
,Lyon,2,0,0,0,2,87,49,36,2,0
,Madison,15,1,4,1,9,367,117,231,19,2
,Magoffin,2,0,0,0,2,44,8,30,6,0
,Marion,0,0,0,0,0,92,41,46,5,0
,Marshall,18,0,8,1,9,385,166,202,17,3
,Martin,6,0,0,0,6,60,19,32,9,0
,Mason,8,0,1,2,5,142,73,65,4,0
,McCracken,43,0,14,9,20,707,225,423,59,4
,McCreary,4,1,1,1,1,149,70,71,8,0
,Menifee,1,0,0,0,1,35,26,9,0,0
,Metcalfe,2,0,0,0,2,31,21,9,1,0
,Montgomery,15,1,0,3,11,478,191,270,17,1
,Muhlenberg,0,0,0,0,0,15,8,4,3,0
,Nicholas,0,0,0,0,0,4,2,2,0,0
,Ohio,4,0,0,0,4,124,47,68,9,1
,Owen,3,0,0,0,3,68,36,29,3,0
,Perry,0,0,0,0,0,44,15,24,5,0
,Pike,1,0,0,1,0,24,9,13,2,0
,Powell,1,0,0,1,0,50,29,20,1,0
,Pulaski,32,0,11,8,13,542,270,248,24,5
,Rockcastle,4,0,0,3,1,65,33,22,10,0
,Rowan,7,0,0,3,4,24,5,19,0,0
,Russell,7,0,0,0,7,29,12,17,0,0
,Simpson,8,0,0,2,6,142,63,73,6,0
,Taylor,8,0,4,1,3,120,54,60,6,0
,Todd,0,0,0,0,0,2,1,1,0,0
,Union,1,0,0,0,1,76,39,34,3,0
,Washington,0,0,0,0,0,50,25,22,3,0
,Wayne,3,0,1,0,2,90,43,37,10,0
LOUISIANA - Metropolitan Counties,Ascension,426,5,28,51,342,"2,651",632,"1,766",253,9
,Bossier,124,1,4,4,115,416,98,286,32,2
,Caddo,127,1,15,6,105,898,246,610,42,9
,Cameron,17,0,1,1,15,145,27,110,8,1
,De Soto,205,0,0,2,203,324,87,201,36,0
,East Baton Rouge,682,11,22,275,374,"8,356","2,170","5,851",335,19
,East Feliciana,10,1,1,1,7,115,53,52,10,
,Grant,17,1,0,0,16,307,117,182,8,0
,Jefferson,"2,346",51,78,522,"1,695","14,602","3,343","9,976","1,283",104
,Lafayette,396,1,29,55,311,"1,666",426,"1,119",121,17
,Lafourche,86,2,1,31,52,"1,630",199,"1,358",73,0
,Livingston,658,6,20,21,611,"2,782",612,"1,962",208,10
,Ouachita,225,6,15,39,165,"2,666",943,"1,606",117,4
,Plaquemines,47,1,7,3,36,397,37,351,9,2
,Rapides,320,2,21,14,283,"1,517",334,"1,041",142,2
,St. Bernard4,62,1,4,24,33,,,734,,7
,St. Charles,157,1,12,23,121,"1,526",425,"1,016",85,14
,St. Helena,77,3,3,4,67,256,109,123,24,8
,St. John The Baptist,120,5,5,57,53,"1,498",289,"1,058",151,1
,St. Martin,80,2,1,11,66,398,32,363,3,2
,St. Tammany,358,4,33,26,295,"2,546",643,"1,739",164,11
,Terrebonne,359,2,34,62,261,"2,842",594,"2,019",229,11
,Union,43,0,0,0,43,15,5,10,0,0
,West Baton Rouge,67,0,5,11,51,579,80,470,29,0
,West Feliciana,38,1,4,6,27,151,35,99,17,0
LOUISIANA - Nonmetropolitan Counties,Assumption,124,0,0,2,122,390,91,276,23,0
,Beauregard,59,2,0,1,56,309,132,143,34,1
,Bienville,34,1,0,5,28,126,38,83,5,1
,Caldwell,45,0,0,4,41,375,134,213,28,0
,Catahoula,192,0,6,0,186,237,54,162,21,0
,Claiborne,78,0,10,6,62,282,130,125,27,1
,Concordia,60,0,1,4,55,232,113,115,4,0
,East Carroll,20,4,1,4,11,66,21,39,6,1
,Franklin,26,0,2,1,23,150,49,85,16,0
,Iberia,464,6,29,128,301,"2,124",780,"1,239",105,
,Jackson,6,0,0,1,5,143,49,84,10,0
,Jefferson Davis,60,1,5,3,51,388,63,294,31,0
,La Salle,51,0,3,16,32,79,27,47,5,1
,Lincoln2,,1,9,6,,327,147,168,12,0
,Madison,33,0,1,3,29,111,31,73,7,1
,Morehouse,34,1,8,1,24,474,66,390,18,0
,Natchitoches,90,0,1,9,80,474,167,264,43,0
,Red River,34,0,1,2,31,83,20,56,7,0
,Richland,18,0,0,0,18,181,61,112,8,0
,Sabine,37,1,0,0,36,390,83,279,28,0
,St. James,159,0,5,4,150,425,113,266,46,2
,St. Landry,138,1,17,9,111,"1,030",439,484,107,6
,St. Mary,185,2,13,32,138,849,226,587,36,1
,Tangipahoa,926,3,15,62,846,"4,048","1,756","2,177",115,0
,Tensas,11,0,0,0,11,51,21,29,1,2
,Vermilion,67,2,9,3,53,191,37,151,3,0
,Vernon,119,1,12,1,105,641,35,565,41,1
,Washington,141,4,35,21,81,665,208,412,45,0
,Webster,48,1,11,2,34,224,112,87,25,0
,West Carroll,39,1,0,0,38,250,58,173,19,1
,Winn,11,1,0,2,8,100,44,47,9,0
MAINE - Metropolitan Counties,Androscoggin,12,0,5,2,5,204,51,144,9,0
,Cumberland,52,0,9,5,38,699,333,338,28,7
,Penobscot,6,0,1,1,4,615,221,364,30,0
,Sagadahoc,6,0,1,1,4,149,50,92,7,1
,York,19,0,1,5,13,436,134,284,18,0
MAINE - Nonmetropolitan Counties,Aroostook,0,0,0,0,0,73,30,40,3,1
,Franklin,2,0,0,0,2,67,17,45,5,0
,Hancock,7,0,1,1,5,247,58,181,8,0
,Kennebec,22,0,13,4,5,303,86,207,10,1
,Knox,11,0,0,0,11,209,48,141,20,0
,Lincoln,12,0,12,0,0,218,60,154,4,1
,Oxford,25,0,17,1,7,264,106,144,14,0
,Piscataquis,1,0,0,0,1,111,61,48,2,0
,Somerset,13,0,3,4,6,335,156,165,14,1
,Waldo,7,0,0,0,7,113,72,34,7,2
,Washington,24,0,2,0,22,176,62,106,8,0
MARYLAND - Metropolitan Counties,Allegany,0,0,0,0,0,6,0,6,0,0
,Allegheny County Bureau of Police,53,0,4,5,44,201,41,156,4,0
,Anne Arundel,0,0,0,0,0,0,0,0,0,0
,Anne Arundel County Police Department,"2,668",12,86,664,"1,906","15,950","2,867","12,036","1,047",103
,Baltimore County,0,0,0,0,0,0,0,0,0,0
,Baltimore County Police Department,"4,534",32,152,"1,471","2,879","25,944","4,282","19,258","2,404",258
,Calvert,249,0,10,27,212,"1,522",369,"1,067",86,3
,Carroll,73,0,28,3,42,288,60,220,8,0
,Cecil,171,1,13,33,124,933,335,537,61,0
,Charles,666,7,35,179,445,"3,349",568,"2,527",254,0
,Frederick,189,4,11,13,161,"1,406",254,"1,106",46,10
,Harford,527,3,44,133,347,"2,839",604,"2,076",159,5
,Howard,2,0,0,0,2,0,0,0,0,0
,Howard County Police Department,744,2,43,262,437,"6,992","1,207","5,398",387,73
,Montgomery,0,0,0,0,0,0,0,0,0,0
,Montgomery County Police Department,"2,033",13,124,992,904,"23,099","3,011","18,356","1,732",220
,Prince George's,77,0,0,0,77,0,0,0,0,0
,Prince George's County Police Department,"5,338",86,197,"2,634","2,421","29,647","6,707","16,894","6,046",260
,Queen Anne's,63,0,11,5,47,693,157,517,19,3
,Somerset,5,0,0,0,5,41,7,34,0,0
,Washington,137,0,19,18,100,"1,200",317,836,47,0
,Wicomico,124,3,6,23,92,878,337,508,33,5
MARYLAND - Nonmetropolitan Counties,Caroline,17,0,3,3,11,341,153,176,12,1
,Dorchester,32,0,1,0,31,315,89,219,7,1
,Garrett,37,0,0,1,36,270,88,173,9,0
,Kent,17,1,1,2,13,107,57,46,4,0
,St. Mary's,271,0,18,44,209,"1,797",397,"1,303",97,5
,Talbot,9,0,1,0,8,220,75,139,6,0
,Worcester,78,0,3,4,71,192,51,124,17,1
MICHIGAN - Metropolitan Counties6,Barry,38,0,11,4,23,428,113,295,20,6
,Bay,42,1,5,7,29,595,108,452,35,3
,Berrien,85,0,24,9,52,821,208,576,37,5
,Calhoun,69,0,3,7,59,531,156,357,18,7
,Cass,38,2,14,4,18,691,193,452,46,2
,Clinton,10,0,2,1,7,204,55,132,17,1
,Eaton,79,1,22,20,36,"1,426",255,"1,112",59,9
,Genesee,47,0,14,5,28,544,131,386,27,1
,Ingham,104,0,27,10,67,975,309,626,40,12
,Ionia,36,0,15,1,20,369,160,196,13,10
,Jackson,79,3,12,4,60,498,131,335,32,2
,Kalamazoo,205,3,38,41,123,"2,359",644,"1,614",101,14
,Kent,352,1,57,58,236,"3,495",834,"2,533",128,29
,Lapeer,50,0,12,1,37,509,143,339,27,1
,Livingston,35,0,12,4,19,775,190,545,40,8
,Macomb,436,6,48,56,326,"2,476",511,"1,801",164,21
,Monroe,238,5,61,36,136,"2,567",622,"1,783",162,27
,Muskegon,32,1,5,3,23,677,134,491,52,3
,Newaygo,52,1,15,0,36,420,188,216,16,1
,Oakland,295,3,35,58,199,"3,596",825,"2,585",186,69
,Ottawa,286,4,87,22,173,"2,862",727,"2,046",89,26
,Saginaw,92,1,9,7,75,488,135,322,31,2
,St. Clair,191,3,46,8,134,"1,577",388,"1,082",107,15
,Van Buren,102,0,22,2,78,646,204,410,32,7
,Washtenaw,451,3,56,98,294,"2,634","1,022","1,379",233,28
,Wayne,4,0,1,2,1,15,0,9,6,0
MICHIGAN - Nonmetropolitan Counties6,Alcona,14,1,3,0,10,191,69,118,4,1
,Alger,2,0,0,0,2,3,3,0,0,0
,Allegan,90,1,33,3,53,828,333,449,46,5
,Alpena,5,0,1,0,4,61,19,41,1,0
,Antrim,18,0,6,1,11,342,141,185,16,0
,Arenac,21,0,2,1,18,156,47,98,11,0
,Benzie,11,1,5,0,5,184,55,122,7,0
,Branch,26,1,4,1,20,207,40,153,14,1
,Charlevoix,25,0,10,0,15,153,39,104,10,0
,Cheboygan,7,0,1,0,6,140,57,81,2,1
,Chippewa,11,0,1,0,10,96,42,54,0,0
,Crawford,42,0,4,1,37,194,75,100,19,2
,Delta,6,0,1,0,5,68,28,32,8,0
,Emmet,14,0,3,1,10,177,47,130,0,0
,Gladwin,7,1,2,0,4,161,60,92,9,1
,Grand Traverse,124,0,47,3,74,982,185,761,36,13
,Gratiot,14,0,7,2,5,175,55,107,13,1
,Hillsdale,28,1,2,2,23,226,67,151,8,1
,Houghton,1,0,0,0,1,85,16,67,2,0
,Huron,15,0,1,2,12,159,52,101,6,3
,Iosco,1,0,0,0,1,1,0,1,0,0
,Iron,7,1,2,0,4,47,17,27,3,0
,Isabella,37,0,10,0,27,386,104,265,17,3
,Kalkaska,32,0,2,0,30,333,105,197,31,3
,Keweenaw,3,0,0,0,3,45,17,28,0,1
,Lake,27,0,4,0,23,213,108,101,4,2
,Leelanau,12,1,5,0,6,123,33,87,3,0
,Lenawee,54,0,22,3,29,318,106,196,16,9
,Luce,8,0,2,0,6,76,38,36,2,0
,Mackinac,4,0,0,0,4,60,25,35,0,0
,Manistee,7,0,2,0,5,118,28,87,3,0
,Marquette,12,0,6,0,6,163,32,121,10,0
,Mason,29,0,11,2,16,444,73,361,10,2
,Mecosta,162,0,3,1,158,676,192,464,20,7
,Menominee,0,0,0,0,0,2,0,2,0,0
,Midland,62,4,30,2,26,456,124,319,13,8
,Missaukee,0,0,0,0,0,124,35,89,0,0
,Montcalm,51,1,20,4,26,531,192,301,38,4
,Montmorency,10,0,0,0,10,36,19,15,2,0
,Oceana,23,0,8,1,14,279,75,192,12,0
,Ogemaw,23,0,9,0,14,194,78,103,13,2
,Ontonagon,1,0,1,0,0,19,8,10,1,0
,Osceola,33,0,12,0,21,170,59,100,11,1
,Otsego,2,0,0,0,2,91,23,63,5,1
,Roscommon,23,1,3,0,19,198,43,146,9,1
,Schoolcraft,0,0,0,0,0,4,0,3,1,1
,Shiawassee,49,1,4,1,43,420,122,278,20,3
,St. Joseph,54,0,9,0,45,328,91,214,23,6
,Tuscola,21,0,2,0,19,277,105,156,16,1
,Wexford,29,0,1,0,28,392,74,304,14,3
MINNESOTA - Metropolitan Counties7,Anoka,,1,,5,57,"1,495",291,"1,136",68,10
,Benton,,0,,0,11,222,51,156,15,9
,Blue Earth,,0,,1,8,182,66,97,19,0
,Carlton,,1,,4,9,347,98,230,19,2
,Carver,,0,,3,24,712,120,569,23,2
,Chisago,,0,,2,13,484,83,367,34,0
,Clay,,0,,1,1,62,16,43,3,0
,Dakota,,1,,0,15,182,60,111,11,9
,Dodge,,0,,1,34,269,30,228,11,0
,Hennepin,,0,,1,13,156,31,112,13,1
,Houston,,0,,1,1,60,22,36,2,0
,Isanti,,0,,1,6,356,92,228,36,0
,Nicollet,,0,,0,6,90,22,61,7,0
,Olmsted,,0,,1,15,405,131,240,34,8
,Polk,,0,,1,19,208,57,144,7,6
,Scott,,0,,0,7,144,34,98,12,1
,Sherburne,,1,,0,25,509,127,362,20,3
,Stearns,,1,,0,27,420,83,321,16,0
,St. Louis,,0,,5,37,701,273,354,74,6
,Washington,,1,,3,30,"1,126",213,866,47,5
,Wright,,0,,7,56,"1,868",182,"1,619",67,3
MINNESOTA - Nonmetropolitan Counties7,Aitkin,,1,,0,13,323,121,176,26,0
,Becker,,0,,0,11,135,56,61,18,4
,Beltrami,,3,,1,33,450,127,293,30,2
,Big Stone,,0,,0,1,39,16,19,4,0
,Brown,,0,,0,0,3,1,2,0,0
,Cass,,0,,2,22,421,132,252,37,0
,Chippewa,,0,,0,6,21,1,20,0,0
,Clearwater,,0,,0,15,136,32,90,14,4
,Cook,,0,,2,4,133,38,88,7,0
,Cottonwood,,0,,0,5,40,13,25,2,1
,Crow Wing,,0,,0,15,342,89,234,19,1
,Douglas,,0,,0,7,228,85,140,3,2
,Faribault,,0,,0,4,63,17,39,7,1
,Fillmore,,0,,0,2,91,25,55,11,0
,Freeborn,,0,,0,5,108,25,75,8,0
,Goodhue,,0,,0,9,253,77,154,22,1
,Grant,,0,,0,4,85,21,60,4,0
,Hubbard,,0,,0,11,305,138,156,11,0
,Itasca,,1,,2,17,353,69,251,33,1
,Jackson,,0,,0,1,38,1,36,1,0
,Kanabec,,2,,0,14,219,79,121,19,8
,Kandiyohi,,0,,1,13,259,42,201,16,0
,Kittson,,0,,0,2,37,9,27,1,0
,Lac Qui Parle,,0,,0,1,21,0,20,1,0
,Lake,,0,,0,4,55,28,23,4,0
,Lake of the Woods,,0,,0,4,19,5,13,1,0
,Le Sueur,,0,,0,9,116,33,76,7,0
,Lincoln,,0,,0,0,6,0,6,0,0
,Lyon,,0,,0,2,53,23,26,4,1
,Mahnomen,,0,,0,16,61,12,46,3,0
,Marshall,,0,,0,7,134,27,99,8,1
,Martin,,0,,0,1,43,8,29,6,0
,McLeod,,0,,0,9,102,47,44,11,1
,Meeker,,0,,0,4,198,53,137,8,0
,Mille Lacs,,0,,0,16,370,67,275,28,3
,Morrison,,0,,1,15,275,55,207,13,1
,Mower,,0,,0,8,135,38,79,18,2
,Murray,,0,,0,3,38,14,24,0,1
,Nobles,,0,,0,3,98,44,48,6,1
,Otter Tail,,0,,0,7,442,173,248,21,4
,Pennington,,0,,0,1,38,8,26,4,1
,Pine,,0,,4,32,975,335,581,59,1
,Pipestone,,0,,1,0,73,17,53,3,0
,Pope,,0,,0,2,53,12,35,6,1
,Red Lake,,0,,0,5,13,2,9,2,0
,Redwood,,0,,0,3,72,12,52,8,0
,Renville,,0,,0,13,103,26,72,5,4
,Rice,,0,,0,10,193,60,113,20,2
,Rock,,0,,0,81,126,45,78,3,0
,Roseau,,0,,0,4,37,6,31,0,0
,Steele,,1,,1,8,76,16,55,5,1
,Stevens,,0,,0,2,34,14,19,1,2
,Swift,,0,,0,0,45,20,23,2,0
,Todd,,0,,0,7,162,62,95,5,4
,Traverse,,0,,0,4,35,14,21,0,1
,Wadena,,0,,0,5,76,23,50,3,0
,Waseca,,0,,0,0,95,38,51,6,4
,Watonwan,,0,,0,2,58,8,48,2,2
,Wilkin,,1,,0,1,67,14,50,3,0
,Winona,,0,,0,5,98,43,48,7,0
,Yellow Medicine,,0,,0,4,60,19,38,3,1
MISSISSIPPI - Metropolitan Counties,DeSoto,62,1,4,9,48,592,209,313,70,4
,Forrest6,27,2,0,2,23,391,145,236,10,0
,George,11,1,0,1,9,98,40,53,5,9
,Harrison,24,1,5,11,7,"1,173",359,709,105,15
,Hinds,98,1,19,25,53,"1,052",314,614,124,0
,Jackson,157,4,44,17,92,"1,676",698,876,102,7
,Lamar3,71,1,36,11,23,,246,,32,0
,Madison,40,1,4,6,29,471,149,279,43,0
,Rankin,35,0,8,6,21,707,168,504,35,1
,Tate,12,1,0,2,9,232,96,99,37,2
,Tunica,90,2,10,27,51,736,135,545,56,5
MISSISSIPPI - Nonmetropolitan Counties,Adams,45,1,8,5,31,610,214,353,43,10
,Bolivar,11,7,1,1,2,16,12,4,0,0
,Chickasaw,27,1,0,5,21,46,22,24,0,0
,Choctaw,16,1,2,0,13,72,36,33,3,0
,Claiborne,72,4,0,5,63,48,24,20,4,0
,Franklin,23,0,1,2,20,15,7,7,1,0
,Greene,11,0,0,0,11,22,9,13,0,2
,Grenada,14,3,0,2,9,119,63,46,10,4
,Jefferson,21,0,3,4,14,58,29,26,3,1
,Jones6,93,1,37,17,38,747,278,424,45,2
,Kemper,7,1,0,0,6,65,40,21,4,0
,Lauderdale,36,0,1,11,24,484,234,205,45,4
,Lee,54,1,8,8,37,703,301,382,20,5
,Leflore,111,2,3,5,101,402,182,203,17,1
,Lincoln,16,0,1,1,14,318,104,196,18,3
,Lowndes,59,1,17,5,36,585,198,359,28,3
,Oktibbeha,41,1,0,5,35,224,116,90,18,0
,Panola,65,0,1,7,57,557,311,223,23,0
,Pearl River,44,3,18,9,14,664,294,350,20,2
,Pike,43,4,4,10,25,427,229,179,19,
,Pontotoc,3,1,0,1,1,23,12,11,0,1
,Sunflower,95,3,9,55,28,114,71,23,20,0
,Tippah,22,0,2,0,20,14,8,6,0,0
,Union,3,1,1,1,0,210,105,80,25,5
,Warren,18,0,6,8,4,369,177,145,47,0
,Washington,22,0,3,3,16,474,156,292,26,1
,Winston,5,0,0,1,4,17,8,9,0,0
MISSOURI - Metropolitan Counties,Andrew,9,1,0,0,8,93,26,63,4,0
,Bates,47,0,5,0,42,141,62,76,3,0
,Bollinger,3,0,2,0,1,40,18,19,3,1
,Boone,124,0,1,13,110,678,155,483,40,7
,Buchanan,13,0,0,3,10,263,116,130,17,4
,Caldwell,14,0,1,0,13,90,42,42,6,0
,Callaway,52,0,9,2,41,637,164,438,35,2
,Cape Girardeau,138,0,4,1,133,225,95,122,8,1
,Cass4,38,2,2,1,33,,,139,34,1
,Christian,142,0,3,1,138,271,89,155,27,1
,Clay,30,0,3,1,26,169,58,93,18,10
,Clinton,25,0,2,1,22,112,35,72,5,1
,Cole,49,2,9,7,31,265,88,171,6,1
,Dallas,37,0,2,0,35,167,61,91,15,0
,De Kalb,5,0,1,0,4,71,26,41,4,4
,Franklin,64,1,4,2,57,608,141,416,51,1
,Howard,5,0,0,0,5,48,13,35,0,0
,Jackson,59,0,5,16,38,531,177,298,56,2
,Jasper,158,1,15,2,140,514,182,285,47,7
,Jefferson,431,3,39,17,372,"2,614",440,"1,966",208,25
,Lafayette,12,0,0,1,11,146,53,76,17,0
,Lincoln,53,0,0,0,53,218,86,95,37,2
,McDonald,49,0,1,2,46,310,63,211,36,4
,Moniteau,11,0,0,0,11,45,25,12,8,1
,Newton,73,1,7,4,61,636,226,358,52,7
,Osage,12,1,1,0,10,98,30,61,7,0
,Platte,39,0,1,2,36,293,55,229,9,2
,Polk,26,0,0,1,25,302,139,147,16,0
,Ray,29,1,0,0,28,124,48,66,10,1
,St. Charles,162,2,4,10,146,"1,073",255,769,49,19
,St. Louis County Police Department,"1,014",13,82,304,615,"10,018","1,972","7,173",873,52
,Warren,30,1,4,1,24,217,69,133,15,3
,Washington,32,2,2,2,26,211,57,120,34,2
,Webster6,17,0,2,0,15,216,84,118,14,1
MISSOURI - Nonmetropolitan Counties,Adair6,8,0,0,0,8,111,31,68,12,3
,Atchison,0,0,0,0,0,6,3,2,1,0
,Audrain,17,1,1,0,15,141,50,87,4,0
,Barry,108,0,5,2,101,349,139,200,10,3
,Benton,53,0,0,0,53,149,65,68,16,2
,Butler,58,0,0,3,55,424,146,259,19,0
,Camden,25,0,0,2,23,294,106,171,17,1
,Carroll,0,0,0,0,0,42,18,24,0,0
,Carter,5,1,0,0,4,41,18,17,6,1
,Cedar,3,0,1,0,2,115,42,66,7,1
,Clark,11,0,1,0,10,50,27,21,2,5
,Cooper,14,0,1,1,12,144,46,89,9,0
,Crawford,22,0,0,0,22,219,97,108,14,1
,Daviess,7,1,2,1,3,67,35,26,6,0
,Dent,12,0,5,1,6,145,81,55,9,0
,Douglas,42,2,2,0,38,106,56,39,11,2
,Dunklin,32,0,0,0,32,205,54,136,15,6
,Gasconade,14,0,0,1,13,117,49,56,12,1
,Gentry,1,0,0,0,1,34,14,18,2,0
,Grundy,3,0,0,0,3,34,11,22,1,1
,Harrison,2,0,0,0,2,38,14,23,1,2
,Henry,27,0,1,2,24,212,75,117,20,1
,Hickory,1,0,0,0,1,88,49,36,3,0
,Holt,3,0,0,0,3,81,21,39,21,0
,Howell6,38,2,3,0,33,360,103,226,31,3
,Iron,9,0,4,0,5,55,26,19,10,0
,Johnson,29,1,0,2,26,294,126,150,18,0
,Knox,5,0,2,0,3,132,36,96,0,0
,Lawrence,50,1,1,1,47,348,113,213,22,2
,Lewis,2,0,0,0,2,63,23,36,4,3
,Linn,6,0,1,0,5,80,45,29,6,0
,Livingston,1,0,0,0,1,60,24,28,8,2
,Macon,15,0,0,0,15,55,38,13,4,0
,Madison,3,0,0,0,3,30,7,19,4,0
,Maries,7,0,2,0,5,61,28,26,7,0
,Marion,9,0,0,0,9,70,21,47,2,0
,Mercer,3,0,0,0,3,15,5,10,0,1
,Mississippi,13,0,0,0,13,40,9,24,7,0
,Monroe,7,0,0,0,7,71,33,32,6,0
,Montgomery,7,0,0,1,6,71,43,25,3,0
,Morgan,41,0,0,0,41,246,114,113,19,0
,New Madrid,19,0,1,0,18,57,18,33,6,2
,Nodaway,10,0,0,0,10,102,44,53,5,1
,Oregon6,17,0,0,1,16,39,18,20,1,0
,Ozark,16,0,2,0,14,103,49,47,7,3
,Pemiscot,15,1,0,2,12,130,58,67,5,0
,Perry,7,1,0,0,6,88,27,54,7,1
,Phelps,48,0,5,0,43,377,117,240,20,0
,Pike,23,1,4,0,18,76,43,22,11,4
,Pulaski,96,1,10,5,80,374,149,194,31,2
,Putnam,0,0,0,0,0,10,5,3,2,0
,Ralls,19,0,2,1,16,95,25,64,6,0
,Randolph,4,0,0,0,4,83,30,52,1,0
,Ripley,21,0,1,2,18,168,59,101,8,2
,Saline,10,0,5,1,4,94,42,48,4,1
,Scotland,4,0,0,0,4,30,14,16,0,0
,Scott,18,0,1,0,17,119,37,75,7,1
,Shannon,5,0,0,0,5,47,14,31,2,0
,Shelby,3,0,0,0,3,52,17,33,2,1
,St. Clair,9,0,0,0,9,120,52,68,0,0
,St. Francois,61,2,6,1,52,491,158,266,67,4
,Stoddard,24,0,0,0,24,75,37,35,3,0
,Stone,118,0,7,2,109,474,176,257,41,0
,Sullivan,7,0,1,1,5,63,27,22,14,0
,Taney,113,0,7,1,105,483,138,316,29,1
,Texas,26,1,7,1,17,170,71,87,12,2
,Vernon,42,1,0,2,39,274,90,158,26,4
,Worth,4,0,0,0,4,18,9,8,1,0
,Wright,30,0,1,1,28,83,36,44,3,0
MONTANA - Metropolitan Counties,Carbon,17,1,1,0,15,45,10,28,7,0
,Cascade,47,1,2,1,43,283,47,206,30,1
,Missoula,76,0,9,2,65,506,110,355,41,16
,Yellowstone,55,0,3,5,47,711,158,500,53,4
MONTANA - Nonmetropolitan Counties,Beaverhead,7,0,0,0,7,55,7,43,5,0
,Big Horn,40,0,0,1,39,102,5,82,15,2
,Blaine,8,0,0,0,8,29,7,19,3,2
,Broadwater,10,0,0,0,10,92,6,70,16,1
,Carter,1,0,0,0,1,3,1,2,0,0
,Chouteau,5,0,0,0,5,11,2,6,3,0
,Custer,1,0,0,0,1,51,8,37,6,0
,Daniels,3,0,0,0,3,7,1,4,2,0
,Dawson,4,0,1,0,3,55,2,53,0,0
,Deer Lodge,30,0,1,0,29,135,13,113,9,0
,Fallon,1,0,0,0,1,6,0,6,0,0
,Fergus,2,0,0,0,2,19,5,12,2,0
,Flathead,198,4,19,4,171,"1,086",170,848,68,7
,Gallatin,42,1,15,0,26,466,82,342,42,1
,Garfield,1,0,0,0,1,2,0,1,1,0
,Glacier,14,0,0,0,14,14,3,10,1,0
,Granite,3,0,0,1,2,47,7,39,1,0
,Hill,37,0,2,3,32,166,20,138,8,3
,Jefferson,15,0,4,0,11,51,9,37,5,0
,Judith Basin,0,0,0,0,0,9,1,5,3,0
,Lake,78,0,9,1,68,341,83,239,19,2
,Lewis and Clark,62,1,10,0,51,305,67,208,30,3
,Lincoln,21,0,4,1,16,187,37,139,11,2
,Madison,4,0,1,0,3,71,21,49,1,0
,McCone,0,0,0,0,0,20,4,15,1,0
,Meagher,2,0,0,0,2,16,0,16,0,0
,Mineral,11,0,0,1,10,5,1,2,2,0
,Musselshell,28,1,3,0,24,103,33,65,5,0
,Park,10,0,0,0,10,84,21,55,8,1
,Phillips,13,0,1,0,12,40,5,34,1,1
,Pondera,1,0,0,0,1,5,0,5,0,0
,Powell,15,0,1,0,14,110,10,97,3,1
,Prairie,0,0,0,0,0,3,1,2,0,0
,Ravalli,51,0,12,1,38,373,59,295,19,3
,Richland,1,0,1,0,0,12,2,9,1,0
,Roosevelt,2,0,0,0,2,42,12,24,6,0
,Rosebud,11,0,0,0,11,51,7,40,4,0
,Sanders,31,0,3,1,27,100,27,69,4,2
,Sheridan,8,0,1,0,7,55,7,42,6,0
,Silver Bow,151,1,16,15,119,"1,361",177,"1,059",125,16
,Stillwater,16,1,2,0,13,60,20,38,2,2
,Sweet Grass,10,0,2,0,8,29,5,22,2,0
,Teton,7,0,2,0,5,53,3,46,4,0
,Toole,14,0,1,0,13,92,20,63,9,1
,Valley,0,0,0,0,0,27,7,18,2,0
,Wibaux,0,0,0,0,0,4,0,4,0,0
NEBRASKA - Metropolitan Counties,Cass,20,0,6,0,14,222,56,147,19,1
,Dakota,5,0,0,0,5,63,12,44,7,0
,Dixon,5,0,3,0,2,50,12,35,3,0
,Douglas,201,0,4,12,185,"1,125",283,781,61,1
,Lancaster,22,0,7,1,14,270,76,183,11,7
,Sarpy,15,0,10,2,3,712,128,524,60,2
,Saunders,6,0,0,1,5,62,16,41,5,0
NEBRASKA - Nonmetropolitan Counties,Adams,3,0,2,0,1,109,35,71,3,0
,Antelope,1,0,0,0,1,13,5,8,0,1
,Arthur,0,0,0,0,0,0,0,0,0,0
,Box Butte,1,0,0,0,1,12,3,7,2,0
,Boyd,0,0,0,0,0,12,1,10,1,0
,Brown,3,0,0,1,2,49,8,39,2,0
,Buffalo,16,0,1,1,14,152,34,110,8,1
,Burt,3,0,0,0,3,20,7,12,1,0
,Butler2,2,0,0,0,2,,,34,0,0
,Cedar,0,0,0,0,0,1,0,1,0,0
,Chase,3,0,1,0,2,28,8,14,6,0
,Cherry,4,0,0,0,4,2,1,1,0,0
,Colfax,8,0,0,0,8,27,2,20,5,1
,Custer,5,0,3,0,2,66,16,48,2,2
,Dawes,1,0,0,0,1,12,4,8,0,0
,Dawson,9,0,2,0,7,92,24,58,10,0
,Deuel,0,0,0,0,0,30,6,23,1,0
,Dodge,5,0,0,0,5,149,35,106,8,0
,Franklin,1,0,0,0,1,13,3,10,0,0
,Gage,7,0,4,0,3,177,53,116,8,1
,Hall,18,0,1,1,16,188,57,126,5,1
,Hamilton,1,0,1,0,0,43,11,27,5,0
,Harlan,0,0,0,0,0,1,0,1,0,0
,Hitchcock,2,0,0,0,2,7,2,2,3,0
,Hooker,0,0,0,0,0,0,0,0,0,0
,Jefferson,1,0,1,0,0,57,17,36,4,0
,Kearney,3,0,1,0,2,59,26,31,2,0
,Keith,3,0,2,0,1,37,6,29,2,0
,Keya Paha,0,0,0,0,0,0,0,0,0,0
,Kimball,4,0,0,0,4,15,0,11,4,0
,Knox,2,0,1,0,1,22,3,18,1,3
,Madison,5,0,0,0,5,84,26,57,1,0
,Merrick,6,0,0,0,6,62,20,41,1,0
,Morrill,1,0,0,0,1,27,5,21,1,0
,Nance,1,0,0,0,1,17,6,9,2,1
,Nemaha,7,0,4,1,2,25,10,14,1,1
,Pawnee,0,0,0,0,0,20,4,15,1,0
,Perkins,0,0,0,0,0,29,12,15,2,0
,Phelps,4,0,1,0,3,23,6,13,4,0
,Pierce,3,0,0,0,3,6,3,3,0,0
,Platte,11,0,6,0,5,108,14,82,12,1
,Polk,1,0,0,0,1,52,7,43,2,0
,Red Willow,1,0,0,0,1,27,8,15,4,0
,Richardson,6,0,0,1,5,56,15,34,7,0
,Rock,0,0,0,0,0,7,3,2,2,0
,Saline,5,0,0,1,4,43,21,18,4,1
,Scotts Bluff,7,0,1,0,6,83,23,58,2,0
,Sheridan,1,0,0,0,1,40,14,22,4,0
,Stanton,0,0,0,0,0,38,11,27,0,1
,Thayer,4,0,0,1,3,66,16,50,0,0
,Wayne,0,0,0,0,0,18,2,16,0,0
,Webster,3,0,0,0,3,46,17,27,2,0
,Wheeler,1,0,1,0,0,1,0,0,1,0
,York,1,0,0,0,1,29,6,23,0,0
NEVADA - Metropolitan Counties,Carson City,180,0,1,26,153,"1,151",268,797,86,12
,Storey,7,1,0,1,5,64,19,42,3,0
,Washoe,265,3,0,11,251,"1,368",445,801,122,2
NEVADA - Nonmetropolitan Counties,Churchill,23,0,5,0,18,174,46,113,15,2
,Douglas,107,1,10,9,87,706,176,500,30,6
,Elko,25,0,7,2,16,201,79,98,24,1
,Esmeralda,4,0,0,0,4,2,0,2,0,0
,Eureka,9,0,1,1,7,25,13,10,2,0
,Humboldt,51,0,0,1,50,41,18,17,6,1
,Lander,23,0,8,0,15,159,75,66,18,0
,Lincoln,2,0,0,0,2,51,4,38,9,18
,Lyon,111,0,2,5,104,634,177,399,58,3
,Mineral,32,0,0,0,32,30,14,10,6,1
,Pershing,20,0,3,0,17,38,15,22,1,0
,White Pine,14,1,1,1,11,117,37,73,7,2
NEW HAMPSHIRE - Metropolitan Counties,Rockingham,5,0,0,0,5,0,0,0,0,0
NEW HAMPSHIRE - Nonmetropolitan Counties,Carroll,5,0,1,0,4,47,14,26,7,1
,Cheshire,3,0,0,0,3,3,0,3,0,0
,Merrimack,7,0,4,0,3,7,1,6,0,0
NEW JERSEY - Metropolitan Counties,Atlantic,0,0,0,0,0,0,0,0,0,0
,Bergen County Police Department,0,0,0,0,0,0,0,0,0,0
,Burlington,0,0,0,0,0,0,0,0,0,0
,Camden,0,0,0,0,0,0,0,0,0,0
,Cape May,0,0,0,0,0,0,0,0,0,0
,Cumberland,0,0,0,0,0,0,0,0,0,0
,Essex,0,0,0,0,0,0,0,0,0,0
,Gloucester,0,0,0,0,0,0,0,0,0,0
,Hudson,0,0,0,0,0,0,0,0,0,0
,Hunterdon,0,0,0,0,0,0,0,0,0,0
,Middlesex,0,0,0,0,0,0,0,0,0,0
,Monmouth,0,0,0,0,0,0,0,0,0,0
,Morris,0,0,0,0,0,0,0,0,0,0
,Ocean,0,0,0,0,0,0,0,0,0,0
,Passaic,0,0,0,0,0,0,0,0,0,0
,Salem,0,0,0,0,0,0,0,0,0,0
,Somerset,3,0,0,0,3,0,0,0,0,0
,Sussex,0,0,0,0,0,0,0,0,0,0
,Union,0,0,0,0,0,0,0,0,0,0
,Warren,0,0,0,0,0,0,0,0,0,0
NEW MEXICO - Metropolitan Counties,Bernalillo,813,6,40,94,673,"2,413",863,"1,182",368,54
,Dona Ana,321,3,40,14,264,"1,344",472,748,124,8
,Sandoval,13,0,0,1,12,169,120,44,5,0
,San Juan,283,1,43,2,237,860,241,505,114,3
,Santa Fe,198,1,20,21,156,"1,091",701,320,70,12
,Torrance,13,0,1,1,11,159,92,38,29,0
,Valencia,99,3,11,5,80,"1,188",744,239,205,37
NEW MEXICO - Nonmetropolitan Counties,Chaves,56,3,10,2,41,444,251,164,29,2
,Cibola4,,2,1,0,,98,55,32,11,0
,Colfax,4,0,1,0,3,3,1,1,1,0
,Eddy2,,1,16,4,,480,184,262,34,0
,Grant,7,0,0,1,6,72,51,21,0,0
,Lea,52,1,9,4,38,328,130,169,29,1
,Lincoln4,,0,1,0,,115,34,75,6,0
,Luna,60,0,0,0,60,209,81,102,26,3
,McKinley,87,1,10,3,73,233,81,138,14,7
,Mora,4,0,0,0,4,1,1,0,0,0
,Otero,137,1,9,2,125,240,101,124,15,0
,Quay,2,0,0,0,2,26,8,15,3,0
,Roosevelt,20,0,4,2,14,62,23,33,6,0
,Sierra,13,0,0,1,12,59,27,25,7,1
NEW YORK - Metropolitan Counties,Albany,24,0,1,1,22,171,30,132,9,1
,Broome,70,0,9,6,55,"1,008",187,800,21,1
,Chemung,18,0,2,2,14,351,63,274,14,4
,Dutchess,64,0,6,18,40,733,159,547,27,1
,Erie,121,0,7,10,104,"1,016",229,749,38,8
,Herkimer,0,0,0,0,0,3,0,3,0,0
,Livingston,26,0,6,4,16,412,73,331,8,4
,Madison,9,0,1,1,7,201,47,143,11,0
,Monroe,212,1,28,47,136,"4,244",595,"3,529",120,6
,Nassau,"1,640",18,74,754,794,"15,185","1,998","12,066","1,121",
,Niagara,96,2,12,22,60,"1,237",322,864,51,3
,Oneida,17,1,4,3,9,473,96,360,17,4
,Onondaga,189,1,17,57,114,"2,383",531,"1,790",62,13
,Ontario,44,2,12,5,25,897,165,711,21,2
,Orange,9,0,0,1,8,25,2,21,2,0
,Orleans,19,0,3,1,15,404,120,271,13,4
,Oswego,47,0,10,4,33,462,126,314,22,3
,Putnam,35,0,2,8,25,318,74,233,11,1
,Rockland,9,0,0,1,8,46,2,43,1,0
,Saratoga,40,0,5,10,25,"1,214",209,980,25,4
,Schenectady,2,0,0,1,1,17,1,16,0,0
,Schoharie,5,0,1,1,3,81,30,44,7,0
,Suffolk,151,0,0,0,151,13,0,6,7,0
,Suffolk County Police Department,"2,262",32,63,959,"1,208","25,141","3,743","19,887","1,511",237
,Tioga,10,0,1,0,9,235,57,164,14,0
,Tompkins2,,1,1,3,,407,111,290,6,1
,Ulster,55,0,2,4,49,354,72,275,7,0
,Warren,45,0,5,2,38,768,119,632,17,2
,Washington,24,0,3,2,19,313,74,222,17,0
,Wayne,38,0,3,8,27,433,138,274,21,0
,Westchester Public Safety,55,0,0,3,52,192,17,168,7,1
NEW YORK - Nonmetropolitan Counties,Allegany,2,0,0,0,2,3,1,2,0,0
,Cattaraugus,48,1,8,1,38,458,124,312,22,3
,Cayuga,27,1,2,2,22,301,63,235,3,2
,Chautauqua,24,0,6,1,17,804,192,594,18,0
,Chenango,12,0,2,1,9,299,78,215,6,2
,Clinton,3,0,0,0,3,6,1,5,0,0
,Columbia,27,0,0,1,26,329,105,220,4,0
,Cortland,18,0,4,3,11,316,82,223,11,3
,Delaware,9,0,3,0,6,131,42,86,3,8
,Essex,0,0,0,0,0,0,0,0,0,0
,Franklin,0,0,0,0,0,0,0,0,0,0
,Fulton,12,0,5,0,7,422,133,268,21,0
,Genesee,40,1,6,6,27,691,110,560,21,3
,Greene,14,0,0,2,12,89,38,44,7,0
,Hamilton,0,0,0,0,0,2,0,2,0,0
,Jefferson,39,2,9,1,27,363,82,276,5,2
,Lewis,11,1,2,2,6,187,74,105,8,1
,Montgomery,26,0,0,4,22,315,31,278,6,0
,Otsego,28,0,1,2,25,175,79,90,6,2
,Schuyler3,9,0,0,1,8,,14,,1,0
,Seneca,16,0,1,0,15,228,49,171,8,0
,Steuben,0,0,0,0,0,77,26,51,0,0
,St. Lawrence,30,0,0,0,30,65,18,45,2,2
,Sullivan,32,0,3,3,26,407,111,288,8,4
,Wyoming,12,0,1,1,10,188,53,128,7,1
,Yates,5,1,0,0,4,181,54,126,1,0
NORTH CAROLINA - Metropolitan Counties,Alamance,140,3,8,15,114,"1,095",462,538,95,3
,Alexander,54,1,3,7,43,713,286,385,42,6
,Anson,56,1,4,10,41,683,341,302,40,0
,Brunswick,160,0,17,14,129,"2,069",923,"1,011",135,11
,Buncombe,167,5,20,33,109,"2,197",879,"1,151",167,8
,Burke,90,0,10,8,72,"1,271",565,644,62,1
,Cabarrus,44,2,1,18,23,957,612,291,54,12
,Caldwell,61,1,7,7,46,"1,596",670,837,89,11
,Catawba,227,6,11,23,187,"2,076",871,"1,074",131,13
,Chatham,68,1,9,12,46,823,330,452,41,13
,Cumberland,575,13,23,138,401,"4,262","1,480","2,484",298,60
,Currituck,48,0,3,3,42,640,175,449,16,2
,Davie,59,0,5,4,50,581,206,336,39,3
,Durham,45,1,1,20,23,934,409,466,59,1
,Edgecombe,80,2,9,15,54,616,326,262,28,7
,Forsyth,267,2,17,36,212,"2,598",711,"1,769",118,13
,Franklin,52,1,5,16,30,987,407,450,130,2
,Gaston,10,0,0,0,10,0,0,0,0,0
,Guilford,166,1,7,31,127,"1,930",825,"1,001",104,19
,Haywood,89,1,9,6,73,760,344,384,32,10
,Henderson,98,2,19,11,66,"1,161",460,584,117,5
,Hoke,44,1,3,14,26,"1,016",786,178,52,1
,Johnston,141,2,28,22,89,"2,384",942,"1,228",214,6
,Madison,9,0,5,2,2,204,98,97,9,4
,Nash,66,1,6,15,44,694,345,297,52,9
,New Hanover,176,3,13,49,111,"2,692",705,"1,911",76,9
,Onslow,302,3,56,47,196,"3,269","1,303","1,838",128,39
,Orange,39,3,8,8,20,633,366,236,31,4
,"Pender2,3",,1,9,9,,,365,433,,2
,Person,63,3,5,1,54,608,312,274,22,4
,Pitt,231,3,13,30,185,"1,421",592,754,75,9
,Randolph,135,5,6,41,83,"2,114",662,"1,346",106,8
,Rockingham,108,1,2,22,83,"1,379",546,756,77,1
,Stokes,121,3,4,5,109,892,373,445,74,3
,Union,172,3,15,28,126,"2,392",865,"1,418",109,19
,Wake,202,6,21,33,142,"2,497","1,023","1,234",240,17
,Wayne,147,3,2,29,113,"1,915",857,913,145,7
,Yadkin,58,2,9,3,44,587,242,314,31,3
NORTH CAROLINA - Nonmetropolitan Counties,Ashe,42,0,5,1,36,361,222,118,21,3
,Avery,20,0,1,4,15,194,81,110,3,2
,Beaufort,116,3,5,18,90,762,346,373,43,7
,Bertie,39,4,4,9,22,320,158,149,13,2
,Bladen,117,6,0,19,92,"1,033",386,608,39,16
,Camden,6,0,0,1,5,74,24,48,2,2
,Carteret,60,1,5,3,51,799,292,464,43,1
,Cherokee,21,0,6,1,14,371,83,283,5,4
,Chowan,15,1,3,1,10,130,63,63,4,1
,Clay,18,0,2,1,15,147,61,76,10,1
,Cleveland,38,0,17,19,2,"1,719",748,880,91,3
,Columbus,179,3,2,23,151,"1,609",778,688,143,5
,Craven3 ,,3,4,12,,"1,060",468,525,67,4
,Dare,34,0,4,3,27,794,209,569,16,8
,Davidson,136,0,14,29,93,"1,832",777,921,134,25
,Duplin3,85,1,7,6,71,,468,426,,12
,Granville,60,0,6,14,40,821,311,462,48,7
,Halifax,144,4,5,25,110,984,459,470,55,10
,Hertford,42,1,4,11,26,367,210,139,18,1
,Jackson,122,0,8,5,109,792,383,356,53,3
,Lee,26,0,2,5,19,649,262,335,52,4
,Lenoir3,162,0,3,8,151,,355,,23,5
,Lincoln,53,2,8,12,31,"1,809",625,"1,109",75,8
,Macon,16,0,5,3,8,504,214,262,28,1
,Martin,69,1,6,7,55,367,189,161,17,2
,McDowell,34,3,4,3,24,531,278,214,39,9
,Montgomery,29,4,5,2,18,432,139,275,18,1
,Moore,75,10,9,9,47,743,366,324,53,18
,Northampton,46,1,2,10,33,381,202,148,31,1
,Pamlico,33,0,5,3,25,271,96,165,10,0
,Pasquotank,42,0,6,6,30,325,121,196,8,4
,Perquimans,2,0,2,0,0,99,63,33,3,2
,Polk,20,0,3,0,17,235,47,173,15,2
,Richmond,141,3,11,38,89,"1,163",503,583,77,24
,Robeson,678,2,18,139,519,"4,227","2,414","1,470",343,44
,Rutherford,100,0,13,12,75,"1,133",479,573,81,17
,Sampson,96,1,9,23,63,"1,256",610,550,96,16
,Scotland,83,4,8,14,57,679,382,232,65,8
,Stanly,35,1,8,1,25,491,260,217,14,4
,Surry,122,2,18,9,93,"1,087",504,477,106,17
,Swain,53,0,6,1,46,290,102,167,21,4
,Tyrrell,9,0,2,3,4,55,11,40,4,1
,Vance,96,3,6,17,70,"1,300",676,558,66,7
,Warren,55,1,6,7,41,626,304,286,36,6
,Washington,42,1,2,2,37,147,67,65,15,1
,Wilkes,133,3,7,16,107,"1,371",668,604,99,3
,Wilson,86,3,3,20,60,720,236,432,52,5
,Yancey,11,2,2,0,7,110,64,40,6,0
NORTH DAKOTA - Metropolitan Counties,Burleigh,11,1,2,0,8,192,41,136,15,1
,Cass,5,0,2,0,3,184,47,120,17,6
,Grand Forks,12,0,1,1,10,116,39,61,16,1
,Morton,6,0,1,0,5,74,9,59,6,0
NORTH DAKOTA - Nonmetropolitan Counties,Adams,2,0,0,0,2,8,5,2,1,0
,Barnes,2,0,0,0,2,13,3,8,2,0
,Bottineau,0,0,0,0,0,50,11,35,4,0
,Burke,0,0,0,0,0,21,4,16,1,0
,Cavalier,3,0,0,0,3,42,7,33,2,1
,Dickey,0,0,0,0,0,5,1,3,1,2
,Eddy,3,0,0,0,3,5,1,4,0,0
,Emmons,0,0,0,0,0,21,10,9,2,1
,Grant,0,0,0,0,0,7,1,4,2,0
,Griggs,0,0,0,0,0,0,0,0,0,0
,Hettinger,0,0,0,0,0,5,0,4,1,0
,Kidder,0,0,0,0,0,2,1,1,0,0
,Lamoure,1,0,0,0,1,2,0,0,2,0
,Logan,0,0,0,0,0,3,1,2,0,0
,McHenry,2,1,1,0,0,14,3,10,1,0
,McIntosh,1,0,0,0,1,4,2,1,1,0
,McKenzie,0,0,0,0,0,30,3,25,2,0
,McLean,6,0,3,0,3,84,21,53,10,1
,Mercer,0,0,0,0,0,40,8,30,2,2
,Mountrail,3,0,0,0,3,62,18,36,8,0
,Nelson,4,0,0,1,3,21,4,13,4,0
,Oliver,0,0,0,0,0,7,1,6,0,0
,Pembina,6,1,1,0,4,15,5,9,1,0
,Pierce,2,0,0,1,1,12,4,8,0,1
,Ramsey,3,0,0,0,3,20,5,11,4,0
,Ransom,2,0,2,0,0,27,13,11,3,0
,Renville,1,0,0,1,0,13,1,12,0,0
,Richland,5,0,2,0,3,90,34,53,3,0
,Rolette,3,0,0,0,3,8,7,1,0,0
,Sargent,3,0,0,0,3,24,2,19,3,1
,Sheridan,1,0,0,0,1,16,5,11,0,0
,Slope,0,0,0,0,0,4,0,4,0,0
,Stark,1,0,0,0,1,40,3,34,3,0
,Stutsman,6,0,4,0,2,40,8,29,3,1
,Towner,0,0,0,0,0,6,2,3,1,0
,Traill,1,0,0,1,0,28,5,20,3,0
,Walsh,2,0,1,0,1,81,17,52,12,2
,Ward,18,0,6,2,10,147,28,99,20,2
,Wells,0,0,0,0,0,7,2,5,0,0
,Williams,10,0,2,0,8,59,19,30,10,0
OHIO - Metropolitan Counties,Allen,53,1,9,16,27,"1,103",323,724,56,2
,Belmont,33,2,14,9,8,494,139,325,30,9
,Brown,9,0,6,2,1,384,149,217,18,2
,Butler,67,0,17,9,41,825,226,599,0,7
,Carroll,1,0,1,0,0,67,23,43,1,0
,Clark,20,0,6,7,7,904,225,651,28,7
,Clermont,105,0,21,7,77,"1,633",541,"1,047",45,11
,Delaware,48,1,23,13,11,"1,015",324,669,22,5
,Erie,21,2,2,2,15,555,165,366,24,3
,Fulton,16,0,2,3,11,324,124,176,24,5
,Geauga,7,0,0,0,7,285,113,159,13,0
,Greene,11,1,2,3,5,401,135,258,8,3
,Hamilton,249,5,46,147,51,"7,197","1,280","5,730",187,31
,Jefferson,26,0,2,3,21,366,99,241,26,1
,Licking,20,2,4,3,11,875,272,522,81,6
,Lorain,52,2,13,20,17,840,439,391,10,19
,Lucas,93,0,13,13,67,"1,501",416,981,104,13
,Mahoning,2,0,0,1,1,201,69,120,12,0
,Montgomery,375,6,36,126,207,"1,900",691,"1,054",155,21
,Morrow,7,0,3,0,4,210,111,92,7,0
,Ottawa,3,0,2,0,1,320,67,234,19,0
,Pickaway,41,0,6,8,27,"1,095",466,607,22,17
,Preble,10,0,2,1,7,414,178,205,31,3
,Richland,55,0,14,8,33,"1,085",440,623,22,6
,Stark,93,2,18,46,27,"1,027",332,629,66,11
,Summit,37,1,13,15,8,"1,041",222,775,44,5
,Trumbull,23,0,4,4,15,518,188,300,30,3
,Union,6,0,0,0,6,326,95,216,15,3
,Washington,37,1,13,5,18,398,145,239,14,0
,Wood,7,0,5,0,2,465,153,303,9,5
OHIO - Nonmetropolitan Counties,Adams,4,0,2,0,2,166,64,94,8,1
,Ashland,14,0,3,1,10,287,135,140,12,1
,Auglaize,6,0,5,0,1,249,109,136,4,1
,Champaign,40,0,7,1,32,401,107,274,20,1
,Clinton,13,0,4,1,8,193,69,110,14,0
,Columbiana,6,0,1,3,2,31,13,13,5,1
,Coshocton,17,0,5,4,8,680,184,470,26,6
,Crawford,13,0,2,2,9,232,85,142,5,0
,Darke,26,1,10,4,11,480,171,288,21,6
,Defiance,6,0,3,0,3,165,37,123,5,3
,Fayette,17,0,3,5,9,528,129,381,18,6
,Gallia,25,3,8,8,6,594,277,293,24,4
,Guernsey,6,1,3,0,2,198,82,109,7,1
,Hancock,9,0,1,1,7,246,86,155,5,3
,Hardin,9,0,5,1,3,232,87,139,6,1
,Harrison,4,0,0,0,4,102,56,40,6,0
,Henry,12,0,9,2,1,309,95,200,14,3
,Highland,28,0,2,0,26,535,209,282,44,0
,Hocking,2,0,1,1,0,338,163,149,26,0
,Holmes,13,0,6,0,7,322,105,201,16,6
,Logan,22,0,10,0,12,426,139,276,11,4
,Marion,10,0,2,4,4,644,112,526,6,3
,Mercer,13,0,6,0,7,291,53,233,5,2
,Monroe,4,0,0,0,4,48,20,26,2,0
,Morgan,6,1,3,1,1,188,75,97,16,5
,Muskingum,36,0,16,8,12,"1,060",265,704,91,4
,Paulding,12,0,2,1,9,154,49,105,0,0
,Pike,9,1,3,2,3,402,146,237,19,9
,Putnam,2,0,1,0,1,61,48,13,0,0
,Ross,39,0,16,12,11,"1,668",543,"1,023",102,4
,Scioto,62,3,8,25,26,"2,064",840,"1,133",91,25
,Seneca,1,0,0,0,1,302,137,160,5,1
,Shelby,16,0,0,4,12,121,57,56,8,1
,Tuscarawas,15,0,3,2,10,298,101,166,31,0
,Van Wert,9,0,2,1,6,179,72,98,9,0
,Wayne,27,0,15,2,10,679,316,336,27,10
,Williams,12,0,9,1,2,230,50,159,21,2
,Wyandot,3,0,0,0,3,13,6,7,0,0
OKLAHOMA - Metropolitan Counties,Canadian2,,0,3,5,,104,58,28,18,1
,Cleveland,60,1,10,3,46,294,114,147,33,4
,Comanche6,42,0,5,1,36,339,125,171,43,6
,Creek,54,0,9,3,42,529,227,258,44,9
,Grady6,28,0,6,2,20,366,114,218,34,3
,Le Flore,72,4,0,1,67,396,155,214,27,3
,Lincoln6,36,0,4,1,31,250,69,145,36,4
,McClain6,20,0,4,3,13,263,112,121,30,1
,Oklahoma,20,0,1,2,17,220,79,118,23,0
,Okmulgee,28,1,3,3,21,177,70,89,18,9
,Osage,46,1,9,3,33,376,160,195,21,16
,Pawnee,34,1,4,1,28,193,79,98,16,1
,Rogers,31,0,3,2,26,437,106,255,76,0
,Sequoyah,56,1,6,1,48,429,184,238,7,8
,Tulsa,226,0,13,17,196,883,368,407,108,5
,Wagoner,39,2,5,4,28,447,147,252,48,4
OKLAHOMA - Nonmetropolitan Counties,Adair,49,2,6,1,40,229,104,100,25,5
,Alfalfa6,0,0,0,0,0,36,9,22,5,1
,Atoka6,15,1,2,0,12,116,38,65,13,0
,Beckham,14,0,2,0,12,52,14,31,7,2
,Blaine6,4,0,0,0,4,37,8,28,1,1
,Bryan6,61,1,5,2,53,294,114,138,42,3
,Caddo,8,0,1,0,7,132,50,69,13,1
,Carter,64,0,9,3,52,233,90,120,23,4
,Cherokee6,81,0,7,0,74,526,212,262,52,4
,Choctaw,20,0,0,0,20,168,78,69,21,3
,Cimarron6,0,0,0,0,0,0,0,0,0,0
,Coal6,10,0,1,0,9,81,14,62,5,4
,Custer,5,0,1,0,4,71,29,42,0,0
,Delaware,85,2,30,0,53,418,214,163,41,3
,Dewey,4,0,1,0,3,25,10,13,2,0
,Ellis,4,0,2,0,2,41,11,23,7,0
,Garfield,4,0,0,0,4,92,33,55,4,7
,Garvin,12,1,5,0,6,182,37,130,15,0
,Grant,7,0,0,0,7,69,15,40,14,0
,Greer,9,0,1,1,7,22,9,13,0,0
,Harmon,1,0,0,0,1,20,12,8,0,0
,Harper6,4,0,0,0,4,17,9,7,1,0
,Haskell2,,0,0,1,,82,25,37,20,2
,Hughes,3,0,2,0,1,122,33,69,20,1
,Jackson,4,1,0,0,3,51,15,32,4,1
,Jefferson,4,0,0,0,4,26,10,12,4,1
,Johnston,20,0,0,0,20,8,4,4,0,0
,Kay,21,0,3,0,18,95,39,48,8,6
,Kingfisher,5,0,0,0,5,49,15,26,8,0
,Kiowa,5,0,1,0,4,72,26,40,6,2
,Latimer6,20,0,1,0,19,108,45,48,15,2
,Major6,1,0,0,0,1,36,7,27,2,0
,Marshall2,,2,2,1,,115,36,61,18,1
,Mayes,20,0,2,0,18,216,78,116,22,0
,McCurtain,55,1,8,2,44,539,195,311,33,17
,McIntosh,33,1,4,3,25,333,124,192,17,6
,Murray,18,0,4,1,13,46,20,25,1,0
,Muskogee,54,0,6,2,46,301,133,143,25,17
,Noble6,6,0,0,1,5,79,25,48,6,1
,Nowata,16,0,0,0,16,80,32,41,7,2
,Okfuskee6,18,0,3,0,15,77,38,26,13,3
,Ottawa,8,1,1,3,3,116,77,30,9,6
,Payne,22,0,4,1,17,252,84,150,18,8
,Pittsburg,45,2,0,0,43,466,216,189,61,7
,Pontotoc2,,0,0,2,,230,99,118,13,4
,Pottawatomie,54,3,5,3,43,494,194,258,42,1
,Pushmataha,14,1,0,2,11,147,77,53,17,1
,Seminole,21,0,1,0,20,252,87,150,15,5
,Texas6,2,0,0,1,1,40,13,25,2,0
,Tillman,1,0,1,0,0,34,13,19,2,0
,Washington,10,0,3,1,6,155,66,82,7,1
,Washita6,19,0,4,1,14,60,24,31,5,2
,Woods6,10,0,0,0,10,17,5,10,2,0
,Woodward,6,0,0,0,6,83,25,53,5,5
OREGON - Metropolitan Counties,Benton,22,0,3,0,19,233,79,141,13,10
,Clackamas,241,3,33,122,83,"5,443",870,"4,129",444,13
,Columbia,15,0,3,0,12,149,61,61,27,0
,Deschutes,121,2,8,5,106,877,269,569,39,5
,Jackson,132,0,11,4,117,784,145,580,59,5
,Lane,256,1,20,12,223,"1,301",547,584,170,7
,Marion,85,1,17,25,42,"2,492",609,"1,561",322,4
,Multnomah,45,1,8,11,25,834,131,647,56,2
,Polk,30,0,3,2,25,361,106,232,23,3
,Washington,268,4,74,65,125,"2,700",585,"1,901",214,40
,Yamhill,28,0,10,4,14,459,119,313,27,7
OREGON - Nonmetropolitan Counties,Baker,1,0,0,0,1,13,7,6,0,0
,Clatsop,11,0,0,3,8,211,69,125,17,2
,Coos,26,2,1,3,20,368,106,238,24,3
,Crook,19,0,4,0,15,110,56,52,2,1
,Curry,15,0,0,0,15,192,55,115,22,3
,Douglas,35,1,13,4,17,859,256,538,65,19
,Gilliam,0,0,0,0,0,18,8,7,3,0
,Grant,0,0,0,0,0,46,9,37,0,1
,Harney,2,0,1,0,1,23,7,13,3,0
,Hood River,10,0,0,3,7,176,35,129,12,2
,Jefferson,7,0,1,1,5,185,59,108,18,2
,Josephine,33,0,6,2,25,723,263,372,88,2
,Klamath,72,5,11,11,45,556,181,330,45,6
,Lincoln,31,1,4,6,20,382,112,240,30,4
,Linn,32,0,9,7,16,891,292,547,52,8
,Malheur,3,1,2,0,0,147,49,89,9,2
,Morrow,16,1,2,0,13,129,26,97,6,2
,Sherman,0,0,0,0,0,38,4,31,3,0
,Tillamook,14,0,0,3,11,330,119,189,22,3
,Umatilla,35,1,5,2,27,354,116,184,54,0
,Union,6,3,0,0,3,121,30,87,4,2
,Wallowa,1,0,0,0,1,40,8,32,0,0
,Wasco,9,2,0,3,4,160,68,70,22,1
PENNSYLVANIA - Metropolitan Counties,Allegheny County Police Department,23,0,3,0,20,149,2,138,9,142
,Beaver,0,0,0,0,0,2,0,0,2,0
,Cumberland,0,0,0,0,0,0,0,0,0,0
,Luzerne,1,0,1,0,0,7,0,7,0,0
,Lycoming,0,0,0,0,0,0,0,0,0,0
,Montgomery,0,0,0,0,0,0,0,0,0,0
,Pike,0,0,0,0,0,0,0,0,0,0
,Washington,0,0,0,0,0,0,0,0,0,0
,York,2,0,0,0,2,0,0,0,0,0
PENNSYLVANIA - Nonmetropolitan Counties,Bradford,0,0,0,0,0,0,0,0,0,0
,Clarion,0,0,0,0,0,0,0,0,0,0
,Elk,0,0,0,0,0,0,0,0,0,0
,Franklin,0,0,0,0,0,0,0,0,0,0
,Greene,0,0,0,0,0,0,0,0,0,0
,Jefferson,0,0,0,0,0,0,0,0,0,0
,Snyder,0,0,0,0,0,0,0,0,0,0
,Tioga,0,0,0,0,0,0,0,0,0,0
SOUTH CAROLINA - Metropolitan Counties,Aiken,482,10,35,118,319,"3,288","1,351","1,608",329,5
,Anderson,920,8,57,113,742,"5,430","1,603","3,322",505,19
,Berkeley,652,5,41,95,511,"3,297",999,"1,904",394,11
,Calhoun,71,3,1,6,61,321,108,146,67,5
,Charleston,784,2,31,128,623,"2,394",769,"1,327",298,7
,Darlington,416,7,35,39,335,"2,171",841,"1,157",173,20
,Dorchester,434,1,18,71,344,"2,424",765,"1,444",215,4
,Edgefield,21,0,0,2,19,417,160,232,25,1
,Fairfield,175,0,3,9,163,511,162,329,20,0
,Florence,357,3,13,83,258,"2,679",794,"1,633",252,7
,Greenville,"1,990",15,121,426,"1,428","9,390","2,712","5,903",775,28
,Horry,0,0,0,0,0,33,0,33,0,0
,Horry County Police Department,961,11,39,183,728,"7,351","1,808","4,758",785,35
,Kershaw,258,3,17,18,220,"1,489",457,894,138,12
,Laurens2 ,353,5,29,32,287,,502,664,,10
,Lexington,528,10,52,97,369,"4,244",982,"2,898",364,6
,Pickens,262,2,35,22,203,"1,662",420,"1,106",136,5
,Richland,"2,414",12,99,394,"1,909","9,510","2,466","6,009","1,035",31
,Saluda,33,1,13,0,19,258,86,149,23,1
,Spartanburg,776,9,67,143,557,"6,234","1,699","4,044",491,44
,Sumter6,207,4,9,36,158,694,417,204,73,2
,York,467,2,28,40,397,"2,739",734,"1,806",199,15
SOUTH CAROLINA - Nonmetropolitan Counties,Abbeville,51,0,2,2,47,285,125,149,11,5
,Allendale,14,0,0,2,12,76,43,27,6,0
,Bamberg,55,1,3,3,48,248,91,133,24,6
,Barnwell,110,1,2,6,101,433,120,293,20,2
,Beaufort,711,5,38,127,541,"4,020","1,087","2,725",208,12
,Chester2,239,2,11,15,211,,253,674,,6
,Chesterfield,168,1,3,7,157,872,272,529,71,5
,Clarendon,202,1,18,22,161,859,285,492,82,2
,Colleton,233,8,9,19,197,"1,289",400,711,178,16
,Dillon,281,5,13,24,239,"1,218",492,655,71,9
,Georgetown,262,3,15,26,218,"1,434",386,938,110,7
,Greenwood,325,0,10,12,303,"1,744",395,"1,265",84,4
,Hampton,94,3,6,7,78,304,104,175,25,0
,Jasper,121,4,5,20,92,677,209,395,73,4
,Lancaster,202,1,16,38,147,"1,834",661,"1,076",97,8
,Lee,89,2,4,7,76,478,204,228,46,11
,Marion,115,1,6,10,98,756,266,432,58,6
,Marlboro,150,2,5,8,135,647,220,374,53,6
,McCormick,28,0,1,1,26,91,28,44,19,1
,Newberry,72,2,6,6,58,441,88,329,24,1
,Oconee,315,2,40,20,253,"1,413",432,902,79,5
,Orangeburg,467,8,28,105,326,"3,546","1,214","1,769",563,6
,Union,95,0,0,12,83,450,142,280,28,0
,Williamsburg,164,4,8,39,113,816,331,414,71,9
SOUTH DAKOTA - Metropolitan Counties,Lincoln,5,0,0,0,5,98,27,65,6,1
,McCook,3,0,0,0,3,46,1,45,0,0
,Meade,7,0,3,0,4,46,17,24,5,0
,Minnehaha,30,0,13,1,16,398,118,239,41,2
,Pennington,60,0,30,0,30,328,59,257,12,5
,Turner,5,0,0,0,5,33,13,18,2,0
,Union,3,0,2,0,1,52,9,42,1,0
SOUTH DAKOTA - Nonmetropolitan Counties,Aurora,1,0,0,0,1,9,2,7,0,0
,Beadle,0,0,0,0,0,22,9,12,1,0
,Bennett,4,0,2,0,2,9,1,8,0,0
,Bon Homme,1,0,1,0,0,1,1,0,0,0
,Brookings,1,0,1,0,0,74,21,52,1,0
,Brown,3,0,0,0,3,40,11,23,6,0
,Butte,5,0,1,0,4,18,8,5,5,0
,Campbell,0,0,0,0,0,8,4,3,1,0
,Charles Mix,6,1,1,0,4,30,12,11,7,0
,Clay,1,0,0,0,1,20,3,17,0,0
,Codington,5,0,4,0,1,50,13,32,5,1
,Corson,0,0,0,0,0,17,1,12,4,0
,Custer,8,0,0,1,7,33,13,19,1,0
,Davison,0,0,0,0,0,3,0,3,0,0
,Deuel,5,0,0,0,5,29,8,17,4,0
,Dewey,2,0,0,0,2,8,1,5,2,0
,Douglas,1,0,0,0,1,2,0,2,0,0
,Edmunds,0,0,0,0,0,1,1,0,0,0
,Faulk,1,0,0,0,1,13,6,6,1,0
,Hamlin,8,0,3,0,5,44,10,31,3,0
,Hand,0,0,0,0,0,0,0,0,0,0
,Hanson,1,1,0,0,0,9,5,3,1,0
,Harding,1,0,0,0,1,0,0,0,0,0
,Hughes,3,0,0,0,3,19,10,8,1,0
,Hutchinson,0,0,0,0,0,0,0,0,0,0
,Jerauld,0,0,0,0,0,5,2,2,1,0
,Lawrence,1,0,0,0,1,43,18,20,5,1
,Marshall,5,0,1,0,4,43,13,25,5,0
,McPherson,1,0,0,0,1,3,2,1,0,0
,Miner,1,0,0,0,1,20,15,5,0,0
,Moody,0,0,0,0,0,15,2,10,3,0
,Perkins,0,0,0,0,0,13,5,8,0,0
,Potter,0,0,0,0,0,1,0,1,0,0
,Sanborn,0,0,0,0,0,7,2,5,0,0
,Spink,15,0,9,0,6,50,19,30,1,0
,Stanley,0,0,0,0,0,68,2,63,3,0
,Sully,1,1,0,0,0,1,0,1,0,0
,Tripp,0,0,0,0,0,7,1,6,0,0
,Walworth,1,0,0,0,1,10,3,7,0,0
,Yankton,5,0,0,0,5,12,3,8,1,0
,Ziebach,0,0,0,0,0,5,1,2,2,0
TENNESSEE - Metropolitan Counties,Anderson,115,1,13,4,97,909,438,417,54,8
,Blount,242,2,31,15,194,"1,573",647,832,94,7
,Bradley,299,0,15,5,279,900,312,525,63,5
,Cannon,12,0,0,1,11,180,75,78,27,0
,Carter,62,1,3,6,52,723,311,371,41,9
,Cheatham,109,2,4,4,99,624,215,342,67,4
,Chester,33,0,2,0,31,146,39,90,17,0
,Dickson,93,2,11,3,77,555,201,303,51,9
,Fayette,173,1,7,11,154,571,209,312,50,2
,Grainger,21,0,0,3,18,264,99,142,23,0
,Hamblen,90,1,6,15,68,675,240,409,26,5
,Hamilton,272,2,18,9,243,"2,007",637,"1,263",107,7
,Hartsville/Trousdale,23,0,1,3,19,165,51,100,14,3
,Hawkins,88,5,3,10,70,"1,252",475,705,72,4
,Hickman,61,1,15,1,44,221,93,96,32,1
,Jefferson,90,1,7,10,72,835,334,456,45,5
,Knox,584,4,18,150,412,"5,412","1,854","3,219",339,33
,Loudon,96,0,5,13,78,618,212,361,45,5
,Macon,50,4,3,0,43,126,43,75,8,0
,Madison,125,1,8,6,110,915,302,548,65,5
,Marion,91,2,0,1,88,311,94,170,47,2
,Montgomery,138,1,8,12,117,794,237,494,63,4
,Polk,35,0,0,2,33,307,72,190,45,2
,Robertson,88,0,5,1,82,442,180,224,38,2
,Rutherford,203,3,19,16,165,"1,345",452,799,94,13
,Sequatchie,41,0,6,0,35,119,49,56,14,2
,Shelby,461,6,36,76,343,"3,466","1,270","1,958",238,24
,Smith,18,0,0,0,18,21,7,4,10,0
,Stewart,40,0,0,3,37,188,88,91,9,1
,Sullivan,364,0,25,17,322,"1,833",793,927,113,15
,Sumner,151,1,15,4,131,784,255,484,45,13
,Tipton,252,0,20,3,229,851,254,500,97,4
,Unicoi,27,0,0,0,27,122,28,85,9,1
,Union,35,0,0,4,31,244,114,110,20,2
,Washington,228,3,9,8,208,999,405,530,64,6
,Williamson,54,0,2,6,46,435,121,294,20,0
,Wilson,293,3,17,8,265,"1,130",397,642,91,1
TENNESSEE - Nonmetropolitan Counties,Bedford,74,0,7,2,65,286,112,153,21,4
,Benton,25,0,0,2,23,205,69,113,23,1
,Bledsoe,13,1,0,1,11,102,50,37,15,1
,Campbell,96,0,6,8,82,"1,031",432,538,61,17
,Carroll,31,0,1,1,29,190,81,95,14,1
,Claiborne,119,1,12,15,91,764,366,352,46,11
,Clay,17,0,1,2,14,102,64,32,6,0
,Crockett,13,0,0,1,12,93,32,58,3,0
,Cumberland,87,5,5,6,71,930,489,378,63,3
,Decatur,16,1,2,1,12,193,69,115,9,1
,DeKalb,26,1,0,1,24,268,98,152,18,2
,Dyer,39,0,1,5,33,336,109,209,18,1
,Fentress,69,0,0,2,67,403,210,164,29,3
,Franklin,41,1,8,1,31,280,78,179,23,4
,Gibson,60,1,2,1,56,337,117,193,27,0
,Giles,35,3,2,1,29,271,107,146,18,2
,Greene,167,4,6,17,140,"1,050",502,475,73,11
,Hancock,2,0,0,0,2,117,48,67,2,1
,Hardeman,76,6,5,3,62,322,136,143,43,6
,Hardin,98,0,4,3,91,464,172,249,43,3
,Haywood,57,0,4,3,50,233,106,104,23,5
,Henderson,87,1,7,4,75,356,105,214,37,7
,Henry,52,1,4,2,45,439,135,289,15,2
,Houston,28,0,1,1,26,157,65,81,11,1
,Humphreys,17,1,1,0,15,107,50,51,6,0
,Jackson,18,2,1,1,14,140,38,93,9,2
,Johnson,99,2,2,3,92,235,131,82,22,1
,Lake,4,0,0,0,4,34,11,21,2,0
,Lauderdale,43,0,4,2,37,376,184,159,33,0
,Lawrence,88,0,8,4,76,595,233,308,54,7
,Lewis,34,1,5,0,28,134,46,78,10,0
,Lincoln,95,6,0,1,88,401,177,203,21,3
,Marshall,24,1,0,0,23,154,44,93,17,2
,Maury,139,1,12,6,120,796,206,525,65,8
,McMinn,144,0,6,10,128,909,348,464,97,2
,McNairy,48,2,2,4,40,415,135,241,39,5
,Meigs,53,1,3,0,49,310,120,154,36,10
,Monroe,138,2,9,1,126,492,176,279,37,5
,Moore,10,0,2,0,8,100,20,77,3,0
,Obion,26,0,3,2,21,212,35,161,16,2
,Overton,32,2,0,1,29,268,122,135,11,3
,Perry,21,0,4,0,17,143,43,98,2,2
,Pickett4,,,,1,,53,3,47,3,0
,Putnam,85,3,6,7,69,675,194,438,43,2
,Rhea,76,0,3,1,72,317,90,200,27,0
,Roane,44,1,3,4,36,768,169,546,53,0
,Scott,110,0,10,0,100,510,202,281,27,4
,Sevier,128,2,14,10,102,"2,165",978,"1,094",93,2
,Van Buren,5,1,0,0,4,51,14,31,6,0
,Warren,19,2,1,0,16,345,125,172,48,1
,Wayne,25,1,1,0,23,101,22,60,19,4
,Weakley,39,0,2,5,32,225,91,121,13,2
,White,51,0,4,1,46,421,85,303,33,5
TEXAS - Metropolitan Counties,Aransas,30,0,1,0,29,502,207,269,26,0
,Archer,10,0,1,2,7,81,30,47,4,3
,Armstrong,0,0,0,0,0,18,2,10,6,2
,Atascosa,38,2,2,5,29,313,163,122,28,4
,Austin,17,1,1,1,14,127,44,69,14,0
,Bandera,19,0,0,1,18,189,69,118,2,0
,Bastrop,307,4,21,12,270,927,384,467,76,14
,Bell,72,4,39,2,27,753,269,442,42,17
,Bexar,649,16,95,115,423,"6,914","2,299","4,202",413,105
,Bowie,121,1,12,11,97,622,281,292,49,10
,Brazoria,166,3,14,32,117,"1,347",577,683,87,0
,Brazos,63,0,2,3,58,466,206,235,25,1
,Burleson,23,0,6,1,16,185,107,58,20,5
,Caldwell,39,0,6,0,33,183,73,102,8,1
,Calhoun,27,0,2,1,24,150,53,90,7,1
,Callahan,3,0,2,0,1,40,15,22,3,3
,Cameron,364,2,17,35,310,"1,817",783,873,161,14
,Carson,8,1,2,0,5,21,7,12,2,0
,Chambers,84,2,2,3,77,489,160,273,56,2
,Clay,10,0,0,1,9,113,44,66,3,2
,Collin,81,1,26,2,52,798,394,335,69,0
,Comal,158,1,17,11,129,873,290,552,31,9
,Coryell,25,1,3,0,21,119,60,52,7,4
,Crosby,1,0,0,0,1,3,0,3,0,0
,Dallas,53,0,1,7,45,269,60,183,26,14
,Delta,12,0,0,0,12,105,35,69,1,2
,Denton,87,1,9,5,72,744,199,501,44,4
,Ector,76,2,0,26,48,"1,461",532,790,139,0
,Ellis,103,3,8,3,89,840,326,434,80,6
,El Paso,271,4,45,30,192,"1,299",381,776,142,25
,Fort Bend,"1,037",8,61,152,816,"4,769","1,769","2,714",286,33
,Galveston,165,2,21,24,118,"1,101",424,601,76,5
,Goliad,11,0,1,0,10,55,31,21,3,0
,Grayson,35,2,3,7,23,772,274,443,55,14
,Gregg,102,1,22,10,69,728,201,385,142,5
,Guadalupe,68,0,0,10,58,772,321,404,47,0
,Hardin,38,2,8,0,28,353,102,204,47,2
,Harris,"8,439",96,281,"2,975","5,087","54,903","15,053","33,921","5,929",435
,Hays,139,0,29,8,102,"1,313",371,924,18,0
,Hidalgo,"1,085",23,81,203,778,"7,287","2,798","3,956",533,161
,Hunt,130,1,1,13,115,"1,088",517,491,80,1
,Irion,3,0,0,0,3,32,9,23,0,0
,Jefferson,32,0,6,12,14,470,159,250,61,3
,Johnson,146,0,0,5,141,"1,045",323,662,60,10
,Jones,7,0,1,0,6,75,19,51,5,0
,Kaufman,254,3,6,19,226,"1,596",619,830,147,12
,Kendall,26,0,16,2,8,196,49,133,14,1
,Lampasas,8,0,0,1,7,87,33,49,5,0
,Liberty,151,3,4,10,134,"1,209",486,532,191,18
,Lubbock,176,1,15,10,150,799,402,332,65,6
,McLennan,104,2,34,6,62,713,269,386,58,10
,Medina,41,2,5,4,30,254,120,120,14,1
,Midland,31,0,0,1,30,527,185,300,42,0
,Montgomery,"1,045",6,53,175,811,"7,939","2,343","4,916",680,38
,Nueces,72,2,8,7,55,283,132,144,7,4
,Orange,103,2,8,11,82,737,284,376,77,1
,Parker,80,1,2,3,74,"1,100",416,606,78,0
,Potter,23,1,1,3,18,183,51,119,13,3
,Randall,33,0,3,2,28,332,141,171,20,5
,Robertson,8,0,2,1,5,233,92,112,29,0
,Rockwall,35,0,5,0,30,242,126,103,13,0
,Rusk,58,2,3,4,49,543,239,238,66,4
,San Jacinto,60,3,0,8,49,686,291,316,79,12
,San Patricio,23,0,1,1,21,345,134,191,20,2
,Smith,312,2,45,21,244,"1,852",692,"1,000",160,26
,Tarrant,99,0,26,18,55,"1,103",422,616,65,9
,Taylor,32,0,13,3,16,189,58,114,17,2
,Tom Green,34,1,14,1,18,278,99,171,8,5
,Travis,531,6,22,46,457,"4,211","1,398","2,615",198,52
,Upshur,57,2,10,7,38,594,237,308,49,3
,Victoria,103,1,12,5,85,624,145,452,27,0
,Waller,37,0,1,3,33,352,159,170,23,0
,Webb,96,0,4,0,92,276,105,138,33,0
,Wichita,19,0,0,2,17,147,53,92,2,18
,Williamson,158,2,24,17,115,"1,443",378,"1,003",62,18
,Wilson,60,2,4,0,54,320,134,168,18,3
,Wise,140,0,4,3,133,482,178,295,9,0
TEXAS - Nonmetropolitan Counties,Anderson,59,2,2,7,48,422,202,200,20,10
,Andrews,11,1,0,0,10,71,23,45,3,1
,Angelina,124,4,2,12,106,375,184,163,28,0
,Bailey,3,0,1,0,2,21,11,9,1,1
,Baylor,1,0,0,0,1,19,11,7,1,0
,Bee,34,0,6,0,28,139,66,67,6,0
,Blanco,20,0,2,2,16,88,42,37,9,2
,Borden,0,0,0,0,0,6,3,1,2,0
,Bosque,6,0,2,0,4,68,16,41,11,0
,Brewster,11,0,0,2,9,37,14,19,4,2
,Briscoe,0,0,0,0,0,11,4,6,1,0
,Brooks,1,1,0,0,0,4,0,1,3,0
,Brown,26,0,0,1,25,178,78,96,4,1
,Burnet,43,0,4,3,36,322,133,165,24,4
,Camp,13,0,3,4,6,151,77,65,9,0
,Cass,31,4,7,2,18,391,183,163,45,1
,Castro,13,0,0,1,12,80,37,38,5,1
,Cherokee,97,2,12,3,80,460,176,234,50,4
,Childress,2,0,2,0,0,14,4,9,1,0
,Cochran,3,1,0,0,2,67,25,38,4,1
,Coke,1,0,0,0,1,14,11,3,0,0
,Coleman,1,0,1,0,0,26,14,10,2,0
,Collingsworth,0,0,0,0,0,2,2,0,0,0
,Colorado,22,1,4,2,15,142,61,72,9,1
,Comanche,6,0,0,0,6,118,42,72,4,2
,Concho,2,0,0,0,2,17,7,9,1,1
,Cooke,25,0,4,4,17,297,151,119,27,6
,Cottle,1,0,0,0,1,16,16,0,0,0
,Crane,1,0,0,0,1,36,13,23,0,0
,Culberson,0,0,0,0,0,11,2,9,0,0
,Dallam,1,0,0,1,0,17,10,4,3,0
,Dawson,2,0,1,0,1,28,9,18,1,1
,Deaf Smith,6,0,0,0,6,77,32,39,6,2
,DeWitt,12,1,0,1,10,113,49,62,2,1
,Dickens,0,0,0,0,0,0,0,0,0,0
,Dimmit,49,0,3,0,46,167,57,97,13,1
,Donley,10,0,0,0,10,50,21,26,3,0
,Duval,10,0,0,0,10,67,36,24,7,0
,Eastland,6,0,0,1,5,37,13,22,2,0
,Edwards,6,1,1,0,4,38,18,17,3,6
,Erath,31,0,5,1,25,135,51,71,13,0
,Falls,15,0,1,2,12,79,32,30,17,1
,Fannin,19,0,2,2,15,179,78,86,15,3
,Fayette,2,0,0,0,2,154,54,89,11,0
,Fisher,6,1,3,0,2,58,28,28,2,1
,Floyd,3,0,1,0,2,14,7,6,1,2
,Foard,2,0,2,0,0,2,0,2,0,0
,Franklin,19,1,1,2,15,88,47,36,5,0
,Freestone,12,0,0,0,12,152,50,82,20,0
,Frio,1,0,0,0,1,68,28,38,2,0
,Gaines,6,0,0,0,6,63,19,33,11,0
,Garza,6,0,1,1,4,61,23,34,4,0
,Gillespie,9,0,2,0,7,88,22,63,3,0
,Glasscock,1,0,0,0,1,17,3,13,1,2
,Gonzales,27,1,1,3,22,173,80,78,15,0
,Gray,8,0,0,1,7,131,51,70,10,0
,Grimes,31,1,1,7,22,335,119,190,26,1
,Hale,3,0,1,0,2,93,42,46,5,0
,Hall,1,0,0,0,1,14,6,5,3,1
,Hamilton,16,1,1,1,13,95,32,51,12,3
,Hansford,1,0,0,0,1,17,3,12,2,1
,Hardeman,13,1,3,2,7,136,60,72,4,1
,Harrison,108,4,0,3,101,795,436,326,33,0
,Hartley,2,0,1,0,1,9,2,6,1,1
,Haskell,3,0,0,0,3,16,2,11,3,0
,Hemphill,17,0,4,0,13,52,17,32,3,0
,Henderson,279,6,37,12,224,"1,198",475,586,137,5
,Hill,6,2,3,0,1,346,129,199,18,4
,Hockley,10,0,1,0,9,92,41,45,6,1
,Hood,62,1,5,1,55,685,224,410,51,6
,Hopkins,24,1,8,1,14,200,85,107,8,0
,Houston,25,0,3,2,20,161,43,102,16,2
,Howard,9,0,2,1,6,85,45,39,1,0
,Hudspeth,2,0,0,0,2,22,10,11,1,0
,Hutchinson,7,0,3,0,4,138,55,72,11,0
,Jack,5,0,1,0,4,51,27,17,7,0
,Jackson,24,0,0,0,24,80,33,44,3,0
,Jasper,74,0,8,5,61,288,109,149,30,0
,Jeff Davis,6,0,2,2,2,8,3,3,2,0
,Jim Hogg,4,0,0,0,4,68,18,45,5,0
,Jim Wells,81,0,4,5,72,555,309,217,29,2
,Karnes,9,0,0,0,9,80,41,32,7,1
,Kenedy,3,0,3,0,0,8,4,3,1,1
,Kent,5,0,0,0,5,7,3,4,0,1
,Kerr,44,0,9,2,33,380,123,244,13,1
,Kimble,1,0,0,0,1,6,2,4,0,0
,King,0,0,0,0,0,5,0,5,0,0
,Kinney,1,0,0,0,1,27,14,8,5,0
,Kleberg,12,0,1,0,11,292,44,248,0,0
,Knox,2,0,0,0,2,20,10,9,1,0
,Lamar,55,0,5,6,44,382,166,194,22,0
,Lamb,7,1,0,0,6,87,36,50,1,1
,La Salle,3,0,0,0,3,67,16,51,0,1
,Lavaca,8,0,0,0,8,91,58,31,2,0
,Lee,14,0,2,0,12,85,36,41,8,1
,Leon,31,0,7,4,20,132,62,55,15,0
,Limestone,26,0,20,0,6,305,150,145,10,6
,Lipscomb,2,0,1,0,1,16,3,11,2,0
,Live Oak,0,0,0,0,0,62,26,32,4,0
,Llano,14,3,7,1,3,336,121,208,7,0
,Loving,0,0,0,0,0,11,1,10,0,0
,Lynn,0,0,0,0,0,44,20,24,0,0
,Madison,23,0,0,1,22,113,49,42,22,0
,Marion,35,0,11,2,22,199,99,85,15,0
,Martin,2,1,0,0,1,22,12,9,1,1
,Mason,4,0,2,0,2,60,10,45,5,0
,Matagorda,52,2,2,1,47,270,107,154,9,6
,Maverick,69,0,0,3,66,634,253,368,13,0
,McCulloch,6,0,1,0,5,39,15,21,3,0
,McMullen,0,0,0,0,0,0,0,0,0,0
,Menard,6,0,1,1,4,7,3,4,0,0
,Milam,7,0,1,1,5,176,68,97,11,4
,Mills,11,0,0,0,11,56,18,34,4,0
,Mitchell,2,2,0,0,0,16,4,11,1,1
,Montague,20,0,2,0,18,172,68,93,11,3
,Moore,1,0,1,0,0,68,18,48,2,0
,Morris,29,1,1,1,26,129,60,59,10,0
,Motley,2,0,0,0,2,9,3,6,0,0
,Nacogdoches,83,1,8,3,71,326,110,194,22,3
,Navarro,38,2,3,1,32,574,225,329,20,9
,Newton,13,2,2,0,9,134,45,87,2,0
,Nolan,8,0,0,0,8,58,15,37,6,0
,Ochiltree,6,0,1,0,5,30,8,17,5,0
,Oldham,0,0,0,0,0,21,5,15,1,0
,Palo Pinto,19,1,0,0,18,196,100,86,10,3
,Panola,19,0,2,0,17,232,76,124,32,0
,Parmer,2,0,0,0,2,46,29,16,1,2
,Pecos,10,0,1,0,9,37,13,21,3,0
,Polk,63,0,23,4,36,642,275,311,56,3
,Presidio,3,0,2,0,1,6,2,4,0,2
,Rains,10,0,2,0,8,167,72,91,4,0
,Reagan,1,0,0,0,1,23,10,13,0,0
,Real,1,0,0,0,1,10,5,4,1,0
,Red River,48,2,1,4,41,113,53,51,9,2
,Reeves,8,0,1,1,6,61,14,45,2,1
,Refugio,8,0,0,0,8,56,24,27,5,1
,Roberts,2,0,0,0,2,15,2,13,0,0
,Runnels,0,0,0,0,0,21,2,19,0,0
,Sabine,7,1,0,0,6,69,34,34,1,1
,San Augustine,14,1,2,0,11,99,38,51,10,0
,San Saba,5,1,2,0,2,15,8,4,3,0
,Schleicher,1,0,0,0,1,18,10,8,0,0
,Scurry,7,0,2,0,5,58,26,28,4,0
,Shackelford,1,0,0,0,1,54,19,25,10,0
,Shelby,46,1,7,5,33,280,105,145,30,5
,Sherman,0,0,0,0,0,0,0,0,0,0
,Somervell,7,0,0,0,7,137,42,92,3,0
,Starr,89,0,14,10,65,322,136,162,24,4
,Stephens,1,1,0,0,0,27,13,11,3,0
,Sterling,0,0,0,0,0,12,5,6,1,0
,Stonewall,3,0,0,0,3,14,6,8,0,9
,Sutton,2,0,0,0,2,20,5,13,2,0
,Swisher,2,0,0,0,2,34,19,11,4,0
,Terrell,1,0,0,0,1,66,46,18,2,0
,Terry,3,0,0,0,3,39,15,20,4,0
,Throckmorton,1,0,0,0,1,4,2,1,1,0
,Titus,24,1,7,2,14,271,105,147,19,4
,Trinity,22,0,4,3,15,167,70,88,9,0
,Tyler,74,1,6,3,64,367,211,132,24,5
,Upton,2,0,0,0,2,7,2,5,0,0
,Uvalde,22,1,1,0,20,177,64,100,13,2
,Val Verde,5,0,1,0,4,118,55,59,4,1
,Van Zandt,68,4,1,9,54,716,288,334,94,8
,Walker,76,0,19,13,44,457,211,216,30,0
,Ward,8,0,0,0,8,85,33,51,1,1
,Washington,34,1,8,3,22,186,107,69,10,0
,Wharton,78,1,2,6,69,406,214,171,21,7
,Wheeler,6,0,0,0,6,29,11,14,4,0
,Wilbarger,1,1,0,0,0,22,8,9,5,7
,Willacy,44,2,1,2,39,162,53,96,13,3
,Winkler,4,0,0,0,4,45,16,27,2,0
,Wood,40,2,2,1,35,535,169,336,30,7
,Yoakum,6,0,1,0,5,38,15,21,2,0
,Young,9,1,1,0,7,101,54,41,6,3
,Zapata,39,0,2,3,34,272,155,101,16,0
,Zavala,32,4,1,3,24,93,34,51,8,4
UTAH - Metropolitan Counties,Cache,23,0,7,1,15,481,66,394,21,0
,Davis,18,0,3,0,15,285,53,218,14,0
,Juab,3,0,1,0,2,71,12,56,3,0
,Morgan,3,0,1,0,2,48,10,34,4,0
,Salt Lake,736,3,80,110,543,"8,175","1,562","5,783",830,27
,Summit,16,0,4,2,10,638,105,497,36,0
,Tooele,33,0,9,0,24,279,63,178,38,6
,Utah,17,0,6,0,11,336,68,246,22,0
,Washington,19,2,6,0,11,132,36,88,8,1
,Weber,41,0,5,6,30,"1,088",215,811,62,7
UTAH - Nonmetropolitan Counties,Beaver,5,0,0,0,5,54,13,37,4,0
,Box Elder,6,0,3,1,2,187,43,137,7,0
,Carbon,9,0,6,0,3,159,86,71,2,4
,Daggett,0,0,0,0,0,18,5,12,1,0
,Duchesne,12,0,5,0,7,201,69,123,9,0
,Emery,6,2,1,1,2,108,31,76,1,0
,Grand,7,0,6,0,1,56,12,41,3,0
,Iron,22,0,9,2,11,164,65,87,12,3
,Kane,7,0,1,0,6,55,37,18,0,0
,Millard,15,0,3,0,12,271,50,210,11,0
,Rich,0,0,0,0,0,51,18,32,1,0
,San Juan,10,0,2,2,6,49,12,36,1,0
,Sevier,12,0,3,1,8,143,39,100,4,1
,Uintah,33,0,6,1,26,250,61,167,22,2
,Wasatch,9,0,2,0,7,170,45,113,12,0
,Wayne,5,0,0,0,5,106,10,95,1,0
VERMONT - Metropolitan Counties,Franklin,13,0,0,1,12,264,72,183,9,0
,Grand Isle,2,0,0,0,2,105,43,60,2,0
VERMONT - Nonmetropolitan Counties,Bennington,0,0,0,0,0,3,0,2,1,1
,Caledonia,0,0,0,0,0,4,3,1,0,0
,Lamoille,10,0,3,1,6,196,39,150,7,1
,Orange,3,0,0,0,3,47,14,32,1,0
,Orleans,1,0,0,0,1,45,18,25,2,0
,Rutland,5,0,0,0,5,158,7,151,0,0
,Washington,1,0,0,0,1,1,0,1,0,0
,Windham,1,0,0,0,1,5,0,4,1,0
,Windsor,0,0,0,0,0,0,0,0,0,0
VIRGINIA - Metropolitan Counties,Albemarle County Police Department,108,0,18,27,63,"2,023",246,"1,652",125,11
,Amelia,12,0,1,2,9,147,47,78,22,2
,Amherst,35,0,3,8,24,511,81,403,27,3
,Appomattox,16,0,5,0,11,144,40,97,7,0
,Arlington County Police Department,324,2,16,149,157,"4,727",320,"4,120",287,2
,Bedford,153,1,14,5,133,704,148,489,67,0
,Botetourt,20,0,7,2,11,349,76,259,14,2
,Campbell,83,4,15,10,54,754,189,518,47,8
,Caroline,54,0,16,7,31,409,92,300,17,9
,Charles City,3,0,1,1,1,51,19,26,6,0
,Chesterfield County Police Department,506,2,44,230,230,"7,540","1,867","5,293",380,72
,Clarke,11,1,3,1,6,158,25,127,6,2
,Craig,4,0,0,0,4,12,6,6,0,1
,Cumberland,12,2,3,0,7,59,12,41,6,1
,Dinwiddie,51,3,7,11,30,464,126,297,41,1
,Fairfax County Police Department,591,10,69,277,235,"16,809","1,287","14,668",854,73
,Fauquier,62,2,10,12,38,588,117,440,31,9
,Fluvanna,19,0,6,3,10,207,38,145,24,3
,Franklin,46,2,4,7,33,560,116,408,36,1
,Frederick,95,3,32,23,37,"1,399",301,"1,010",88,5
,Giles,6,0,0,2,4,131,23,103,5,3
,Gloucester,35,0,5,8,22,482,49,401,32,3
,Goochland,23,2,2,3,16,228,48,166,14,1
,Greene,27,0,3,1,23,220,40,174,6,3
,Hanover,43,0,6,9,28,"1,051",112,868,71,4
,Henrico County Police Department,499,12,30,267,190,"8,417","1,477","6,501",439,65
,Isle of Wight,40,0,4,4,32,465,127,314,24,4
,James City County Police Department,71,0,13,15,43,979,149,798,32,8
,King and Queen,9,0,1,0,8,64,28,29,7,2
,King William,5,0,0,1,4,60,16,35,9,1
,Loudoun,251,2,29,35,185,"2,956",305,"2,496",155,46
,Louisa,33,2,5,0,26,341,89,250,2,2
,Mathews,6,1,0,0,5,104,25,73,6,4
,Montgomery,37,2,5,4,26,482,140,325,17,6
,Nelson,13,1,4,3,5,273,63,202,8,1
,New Kent,19,1,3,3,12,292,62,204,26,5
,Pittsylvania,56,1,6,13,36,562,200,340,22,3
,Powhatan,5,0,3,1,1,247,44,188,15,1
,Prince George County Police Department,38,1,9,14,14,506,116,354,36,1
,Prince William County Police Department,662,11,45,267,339,"7,365","1,034","5,817",514,47
,Pulaski,58,0,11,9,38,664,135,509,20,2
,Roanoke County Police Department,122,1,21,19,81,"1,263",286,924,53,10
,Rockingham,31,2,13,7,9,218,76,136,6,9
,Scott,36,0,6,10,20,388,117,241,30,4
,Spotsylvania,258,4,46,51,157,"2,346",280,"1,960",106,9
,Stafford,181,8,35,38,100,"1,764",200,"1,442",122,17
,Surry,20,0,3,3,14,70,30,36,4,0
,Sussex,21,0,2,2,17,173,49,107,17,4
,Warren,29,0,6,3,20,280,33,230,17,2
,Washington,33,1,11,1,20,"1,081",259,796,26,5
,York,84,1,7,19,57,"1,301",157,"1,113",31,12
VIRGINIA - Nonmetropolitan Counties,Accomack,66,1,11,27,27,531,198,300,33,0
,Alleghany,14,0,4,0,10,103,16,81,6,6
,Augusta,85,1,8,5,71,739,178,519,42,2
,Bath,2,2,0,0,0,33,14,16,3,0
,Bland,1,0,0,0,1,51,14,34,3,1
,Brunswick,16,1,3,3,9,113,50,47,16,0
,Buchanan,41,5,4,6,26,463,133,292,38,12
,Buckingham,28,0,2,7,19,253,97,142,14,6
,Carroll,16,1,5,2,8,387,143,218,26,2
,Charlotte,28,2,5,3,18,148,47,92,9,2
,Culpeper,24,0,3,1,20,226,66,147,13,1
,Dickenson,14,1,2,2,9,175,47,115,13,3
,Essex,5,0,1,1,3,81,12,62,7,1
,Floyd,7,1,0,0,6,153,42,104,7,1
,Grayson,25,0,3,1,21,139,50,75,14,3
,Greensville,10,0,4,1,5,142,51,78,13,3
,Halifax,33,2,6,7,18,366,117,211,38,2
,Henry,138,5,5,30,98,"1,078",311,706,61,14
,King George,23,1,6,2,14,347,49,266,32,5
,Lancaster,15,0,1,2,12,123,45,75,3,0
,Lee,19,0,2,5,12,181,61,114,6,2
,Lunenburg,13,1,6,1,5,113,52,48,13,5
,Madison,18,0,3,0,15,150,20,120,10,2
,Mecklenburg,41,3,7,3,28,329,98,202,29,6
,Middlesex,15,0,3,4,8,108,30,70,8,0
,Northampton,24,0,2,14,8,207,72,123,12,2
,Northumberland,19,0,2,6,11,131,49,74,8,0
,Nottoway,23,0,2,1,20,63,19,38,6,0
,Orange,8,0,0,2,6,190,44,127,19,1
,Page,21,0,6,1,14,245,66,160,19,7
,Patrick,32,0,2,1,29,296,77,192,27,11
,Prince Edward,14,2,3,3,6,88,29,52,7,1
,Rappahannock,3,0,0,0,3,73,21,46,6,1
,Richmond,9,0,0,2,7,46,14,25,7,0
,Rockbridge,21,0,4,8,9,302,67,222,13,2
,Russell,23,1,5,1,16,269,70,184,15,8
,Shenandoah,26,1,2,0,23,283,71,204,8,2
,Smyth,18,0,4,1,13,337,71,249,17,2
,Southampton,30,3,3,7,17,317,112,181,24,3
,Tazewell,40,4,4,8,24,596,126,453,17,1
,Westmoreland,6,0,0,0,6,105,28,74,3,0
,Wise,41,0,6,2,33,377,97,245,35,12
,Wythe,21,0,0,1,20,172,38,117,17,1
WASHINGTON - Metropolitan Counties,Asotin,12,0,1,1,10,200,40,148,12,0
,Benton,74,0,10,6,58,531,192,303,36,0
,Chelan,50,1,12,7,30,918,140,740,38,3
,Clark,276,1,75,62,138,"3,894",771,"2,640",483,33
,Cowlitz,36,0,9,4,23,658,236,360,62,12
,Douglas,44,0,7,2,35,539,192,321,26,5
,Franklin,16,0,6,3,7,165,56,94,15,1
,King,572,6,100,167,299,"6,446","2,305","3,386",755,128
,Kitsap,682,4,103,48,527,"3,229",881,"2,145",203,38
,Pierce,"1,184",16,97,260,811,"10,377","2,968","6,171","1,238",44
,Skagit,96,1,22,5,68,"1,143",386,683,74,18
,Skamania,23,1,10,1,11,203,48,132,23,3
,Spokane,191,2,14,25,150,"3,003",765,"1,996",242,9
,Thurston,308,3,34,43,228,"2,862",827,"1,851",184,29
,Whatcom,120,3,28,16,73,"1,254",430,737,87,12
,Yakima,125,8,24,26,67,"2,377","1,043",987,347,45
WASHINGTON - Nonmetropolitan Counties,Adams,24,1,4,7,12,259,97,130,32,5
,Clallam,87,0,21,7,59,603,183,387,33,3
,Columbia,2,0,0,0,2,158,26,120,12,0
,Ferry,4,0,0,0,4,14,4,10,0,0
,Garfield,3,0,0,0,3,56,16,36,4,0
,Grant,104,9,12,29,54,"1,404",486,753,165,14
,Grays Harbor,33,0,2,7,24,327,104,195,28,2
,Island,33,0,8,3,22,765,287,449,29,3
,Jefferson,39,2,3,1,33,324,83,235,6,5
,Kittitas,16,0,3,2,11,537,157,346,34,6
,Klickitat,7,1,0,0,6,146,104,8,34,3
,Lewis,59,1,9,3,46,716,261,413,42,6
,Lincoln,13,0,1,0,12,114,39,68,7,1
,Mason,133,0,26,10,97,"1,576",597,793,186,2
,Okanogan,22,2,4,1,15,340,123,189,28,1
,Pacific,42,0,9,1,32,303,142,151,10,1
,Pend Oreille,5,0,1,0,4,337,82,234,21,1
,San Juan,9,0,2,0,7,272,91,166,15,1
,Stevens,47,1,19,4,23,669,229,369,71,2
,Wahkiakum,8,0,1,0,7,15,7,7,1,2
,Walla Walla,24,0,10,1,13,414,158,240,16,0
,Whitman,3,0,0,1,2,58,16,35,7,0
WEST VIRGINIA - Metropolitan Counties,Berkeley,66,0,12,15,39,"1,109",324,697,88,15
,Boone,25,0,1,0,24,69,37,29,3,0
,Brooke,6,0,1,1,4,116,57,51,8,3
,Cabell,50,0,10,16,24,"1,005",335,601,69,3
,Hampshire,25,0,0,1,24,136,58,73,5,4
,Hancock,6,0,0,0,6,15,4,7,4,0
,Jefferson,43,0,0,10,33,476,128,324,24,4
,Kanawha,291,8,9,41,233,"1,413",569,730,114,30
,Marshall,12,0,0,0,12,222,66,138,18,1
,Mineral,89,1,0,2,86,34,7,26,1,0
,Monongalia,71,0,1,2,68,501,81,401,19,4
,Morgan,10,0,2,0,8,104,29,66,9,1
,Ohio,67,0,1,0,66,125,30,89,6,1
,Preston,61,0,1,0,60,153,53,86,14,4
,Putnam,54,2,6,13,33,756,197,485,74,3
,Wirt,2,0,0,0,2,26,12,12,2,6
,Wood,54,0,1,7,46,545,162,349,34,13
WEST VIRGINIA - Nonmetropolitan Counties,Barbour,3,0,0,0,3,10,4,6,0,0
,Braxton,9,0,0,0,9,56,17,36,3,0
,Fayette,68,4,13,6,45,364,153,178,33,8
,Grant,12,0,0,0,12,50,16,33,1,0
,Greenbrier,15,0,1,2,12,98,39,55,4,1
,Hardy,10,0,0,0,10,39,26,11,2,0
,Harrison,64,2,0,6,56,359,111,216,32,3
,Jackson,3,0,0,0,3,47,7,30,10,0
,Lewis,6,0,0,1,5,13,5,8,0,0
,Logan,15,0,1,3,11,27,5,20,2,2
,McDowell,11,2,0,2,7,71,19,41,11,0
,Mercer,90,2,2,16,70,532,229,268,35,4
,Mingo,8,1,0,0,7,6,2,2,2,0
,Monroe,7,0,0,1,6,41,20,21,0,0
,Nicholas,43,0,2,2,39,451,95,329,27,2
,Raleigh,143,2,10,23,108,"1,068",389,613,66,17
,Randolph,14,0,0,0,14,74,23,49,2,1
,Ritchie,17,0,0,1,16,47,27,15,5,3
,Summers,12,0,1,1,10,63,24,39,0,0
,Upshur,1,0,0,0,1,48,11,32,5,2
,Wyoming,25,1,0,2,22,293,111,156,26,2
WISCONSIN - Metropolitan Counties,Brown,44,1,15,0,28,"1,080",227,824,29,5
,Calumet,10,0,0,1,9,211,68,135,8,0
,Chippewa,10,0,5,1,4,358,89,255,14,0
,Columbia,31,1,6,3,21,334,109,211,14,2
,Dane,47,2,5,10,30,"1,087",262,773,52,5
,Douglas,9,0,5,0,4,257,111,128,18,1
,Eau Claire,17,0,3,1,13,220,69,138,13,3
,Fond du Lac,32,1,4,0,27,296,86,199,11,1
,Iowa,8,0,2,1,5,139,43,89,7,5
,Kenosha,41,1,5,14,21,767,192,532,43,6
,Kewaunee,3,0,2,1,0,121,16,98,7,1
,La Crosse,14,0,1,0,13,220,45,160,15,0
,Marathon6,31,0,13,3,15,456,112,335,9,0
,Milwaukee,7,0,1,3,3,12,0,11,1,0
,Oconto,6,3,0,2,1,461,145,272,44,1
,Outagamie,24,1,8,1,14,441,82,323,36,0
,Ozaukee,9,0,0,0,9,133,24,106,3,4
,Pierce,4,0,0,0,4,165,40,118,7,0
,Racine,18,0,1,8,9,637,109,481,47,3
,Rock,40,0,8,1,31,442,136,289,17,3
,Sheboygan,44,0,6,3,35,602,121,464,17,1
,St. Croix,18,0,6,1,11,433,86,311,36,1
,Washington,26,0,3,3,20,646,148,475,23,8
,Waukesha,43,0,5,3,35,609,93,503,13,0
,Winnebago,28,0,2,1,25,344,109,225,10,0
WISCONSIN - Nonmetropolitan Counties,Adams,38,0,3,0,35,422,181,218,23,0
,Ashland,27,0,0,0,27,62,23,35,4,0
,Barron,2,1,0,0,1,214,75,128,11,5
,Bayfield,35,0,0,3,32,152,55,94,3,1
,Buffalo,0,0,0,0,0,50,16,31,3,0
,Burnett,25,0,5,1,19,211,78,115,18,0
,Clark6,54,0,1,0,53,322,93,210,19,5
,Dodge,33,0,5,1,27,239,73,154,12,6
,Door,5,0,0,0,5,195,44,143,8,0
,Dunn,28,0,3,1,24,166,52,100,14,0
,Florence,8,0,0,0,8,84,28,52,4,0
,Forest,2,0,0,1,1,125,38,76,11,0
,Grant,34,0,1,0,33,290,126,153,11,1
,Green,11,0,5,0,6,169,53,109,7,0
,Green Lake,1,0,0,0,1,76,28,48,0,1
,Iron,6,0,0,0,6,95,38,57,0,0
,Jackson,5,0,3,2,0,270,92,155,23,7
,Jefferson,36,0,7,2,27,365,113,243,9,5
,Juneau,22,0,2,0,20,327,124,188,15,0
,Lafayette,4,0,1,0,3,153,40,104,9,1
,Langlade,5,0,1,0,4,306,109,189,8,0
,Lincoln,9,0,0,0,9,105,39,59,7,0
,Manitowoc,21,1,5,0,15,231,74,145,12,2
,Marinette,8,0,2,0,6,452,246,191,15,0
,Marquette,11,1,2,0,8,186,54,121,11,0
,Menominee,1,0,0,0,1,78,39,35,4,1
,Monroe,6,1,0,0,5,242,65,164,13,5
,Oneida,17,0,2,0,15,263,123,133,7,0
,Pepin,8,0,2,0,6,38,26,9,3,0
,Polk4,100,1,14,0,85,,,259,37,0
,Portage,30,3,2,0,25,330,90,232,8,4
,Price,14,0,3,1,10,116,33,79,4,0
,Richland,3,0,0,1,2,58,27,22,9,0
,Rusk,14,0,1,0,13,174,101,62,11,1
,Sauk,28,0,4,2,22,632,143,454,35,0
,Sawyer,22,2,2,2,16,289,85,168,36,0
,Shawano,12,0,1,3,8,446,137,270,39,1
,Taylor,7,1,6,0,0,173,53,111,9,0
,Trempealeau,10,0,8,0,2,147,46,91,10,0
,Vernon,10,0,2,1,7,190,69,115,6,2
,Vilas,9,0,5,0,4,210,58,143,9,2
,Walworth,11,0,3,4,4,262,47,199,16,1
,Washburn,6,0,1,0,5,206,73,127,6,0
,Waupaca,43,0,10,0,33,456,122,304,30,0
,Waushara,16,0,0,2,14,371,72,282,17,1
,Wood,2,0,0,0,2,198,71,118,9,0
WYOMING - Metropolitan Counties,Laramie,48,0,12,2,34,504,103,368,33,2
,Natrona,16,0,4,0,12,260,104,136,20,3
WYOMING - Nonmetropolitan Counties,Albany,4,0,0,0,4,68,15,46,7,0
,Big Horn,4,0,1,0,3,26,16,8,2,0
,Campbell,43,1,3,2,37,291,57,218,16,0
,Carbon,3,0,0,0,3,48,3,35,10,0
,Converse,13,2,1,0,10,49,11,34,4,0
,Crook,0,0,0,0,0,61,14,44,3,0
,Fremont,27,0,5,1,21,217,69,126,22,4
,Goshen,17,0,1,0,16,63,18,41,4,0
,Hot Springs,1,0,0,0,1,26,5,21,0,0
,Johnson,2,1,0,0,1,26,6,15,5,0
,Lincoln,9,1,3,0,5,108,21,80,7,1
,Niobrara,1,0,0,0,1,8,3,5,0,0
,Park,36,0,12,0,24,72,19,51,2,0
,Platte,5,0,3,0,2,31,6,25,0,0
,Sheridan,15,0,1,0,14,89,22,64,3,0
,Sublette,27,0,4,1,22,167,32,125,10,0
,Sweetwater,18,0,4,1,13,143,31,99,13,0
,Teton,5,0,1,0,4,150,20,116,14,3
,Uinta,2,0,1,0,1,93,5,79,9,0
,Washakie,2,0,0,0,2,14,0,14,0,0
,Weston,2,0,0,0,2,7,2,3,2,0